record_type,timestamp_utc,timestamp_local,sample_id,session_id,device_id,firmware_version,logger_version,millis_ms,sensor_model,sensor_id,sensor_position,channel,raw_value,value,unit,quality_flag,temp_context_c,rh_context_pct,pressure_context_hpa,event_id,payload,notes,source_file,package_session,phase_hint,phase_basis
plants.soil,2026-06-30T17:58:27.635Z,2026-06-30 12:58:27.635,15465,8f2080,Sprout ESP32,0.7.0,plants_logger_0_4,5000,UMLIFE_v2_TLC555,s3,origplant,soil_moisture,3167,,,OK,,,,,level=air-dry;role=diag;spread=58;gpio=36,,logs/Sprout ESP32_20260630_175827.csv,8f2080,soil_only_pre_env_reconnect,source log predates env rows
plants.soil,2026-06-30T17:58:28.429Z,2026-06-30 12:58:28.429,15466,8f2080,Sprout ESP32,0.7.0,plants_logger_0_4,5000,UMLIFE_v2_TLC555,s4,origplant,soil_moisture,3158,,,OK,,,,,level=air-dry;role=diag;spread=42;gpio=39,,logs/Sprout ESP32_20260630_175827.csv,8f2080,soil_only_pre_env_reconnect,source log predates env rows
plants.soil,2026-06-30T17:58:28.429Z,2026-06-30 12:58:28.429,15467,8f2080,Sprout ESP32,0.7.0,plants_logger_0_4,5000,UMLIFE_v2_TLC555,s1,origplant,soil_moisture,3209,,,OK,,,,,level=air-dry;role=diag;spread=32;gpio=34,,logs/Sprout ESP32_20260630_175827.csv,8f2080,soil_only_pre_env_reconnect,source log predates env rows
plants.soil,2026-06-30T17:58:28.429Z,2026-06-30 12:58:28.429,15468,8f2080,Sprout ESP32,0.7.0,plants_logger_0_4,5000,UMLIFE_v2_TLC555,s2,origplant,soil_moisture,3127,,,OK,,,,,level=air-dry;role=diag;spread=46;gpio=35,,logs/Sprout ESP32_20260630_175827.csv,8f2080,soil_only_pre_env_reconnect,source log predates env rows
plants.soil,2026-06-30T17:58:32.629Z,2026-06-30 12:58:32.629,15469,8f2080,Sprout ESP32,0.7.0,plants_logger_0_4,10004,UMLIFE_v2_TLC555,s3,origplant,soil_moisture,3168,,,OK,,,,,level=air-dry;role=diag;spread=62;gpio=36,,logs/Sprout ESP32_20260630_175827.csv,8f2080,soil_only_pre_env_reconnect,source log predates env rows
plants.soil,2026-06-30T17:58:32.714Z,2026-06-30 12:58:32.714,15470,8f2080,Sprout ESP32,0.7.0,plants_logger_0_4,10004,UMLIFE_v2_TLC555,s4,origplant,soil_moisture,3158,,,OK,,,,,level=air-dry;role=diag;spread=45;gpio=39,,logs/Sprout ESP32_20260630_175827.csv,8f2080,soil_only_pre_env_reconnect,source log predates env rows
plants.soil,2026-06-30T17:58:32.778Z,2026-06-30 12:58:32.778,15471,8f2080,Sprout ESP32,0.7.0,plants_logger_0_4,10004,UMLIFE_v2_TLC555,s1,origplant,soil_moisture,3210,,,OK,,,,,level=air-dry;role=diag;spread=28;gpio=34,,logs/Sprout ESP32_20260630_175827.csv,8f2080,soil_only_pre_env_reconnect,source log predates env rows
plants.soil,2026-06-30T17:58:32.857Z,2026-06-30 12:58:32.857,15472,8f2080,Sprout ESP32,0.7.0,plants_logger_0_4,10004,UMLIFE_v2_TLC555,s2,origplant,soil_moisture,3129,,,OK,,,,,level=air-dry;role=diag;spread=41;gpio=35,,logs/Sprout ESP32_20260630_175827.csv,8f2080,soil_only_pre_env_reconnect,source log predates env rows
plants.soil,2026-06-30T17:58:37.635Z,2026-06-30 12:58:37.635,15473,8f2080,Sprout ESP32,0.7.0,plants_logger_0_4,15000,UMLIFE_v2_TLC555,s3,origplant,soil_moisture,3166,,,OK,,,,,level=air-dry;role=diag;spread=60;gpio=36,,logs/Sprout ESP32_20260630_175827.csv,8f2080,soil_only_pre_env_reconnect,source log predates env rows
plants.soil,2026-06-30T17:58:37.710Z,2026-06-30 12:58:37.710,15474,8f2080,Sprout ESP32,0.7.0,plants_logger_0_4,15000,UMLIFE_v2_TLC555,s4,origplant,soil_moisture,3160,,,OK,,,,,level=air-dry;role=diag;spread=47;gpio=39,,logs/Sprout ESP32_20260630_175827.csv,8f2080,soil_only_pre_env_reconnect,source log predates env rows
plants.soil,2026-06-30T17:58:37.782Z,2026-06-30 12:58:37.782,15475,8f2080,Sprout ESP32,0.7.0,plants_logger_0_4,15000,UMLIFE_v2_TLC555,s1,origplant,soil_moisture,3210,,,OK,,,,,level=air-dry;role=diag;spread=32;gpio=34,,logs/Sprout ESP32_20260630_175827.csv,8f2080,soil_only_pre_env_reconnect,source log predates env rows
plants.soil,2026-06-30T17:58:37.846Z,2026-06-30 12:58:37.846,15476,8f2080,Sprout ESP32,0.7.0,plants_logger_0_4,15000,UMLIFE_v2_TLC555,s2,origplant,soil_moisture,3131,,,OK,,,,,level=air-dry;role=diag;spread=43;gpio=35,,logs/Sprout ESP32_20260630_175827.csv,8f2080,soil_only_pre_env_reconnect,source log predates env rows
plants.soil,2026-06-30T17:58:42.634Z,2026-06-30 12:58:42.634,15477,8f2080,Sprout ESP32,0.7.0,plants_logger_0_4,20004,UMLIFE_v2_TLC555,s3,origplant,soil_moisture,3169,,,OK,,,,,level=air-dry;role=diag;spread=57;gpio=36,,logs/Sprout ESP32_20260630_175827.csv,8f2080,soil_only_pre_env_reconnect,source log predates env rows
plants.soil,2026-06-30T17:58:42.708Z,2026-06-30 12:58:42.708,15478,8f2080,Sprout ESP32,0.7.0,plants_logger_0_4,20004,UMLIFE_v2_TLC555,s4,origplant,soil_moisture,3155,,,OK,,,,,level=air-dry;role=diag;spread=38;gpio=39,,logs/Sprout ESP32_20260630_175827.csv,8f2080,soil_only_pre_env_reconnect,source log predates env rows
plants.soil,2026-06-30T17:58:42.790Z,2026-06-30 12:58:42.790,15479,8f2080,Sprout ESP32,0.7.0,plants_logger_0_4,20004,UMLIFE_v2_TLC555,s1,origplant,soil_moisture,3207,,,OK,,,,,level=air-dry;role=diag;spread=36;gpio=34,,logs/Sprout ESP32_20260630_175827.csv,8f2080,soil_only_pre_env_reconnect,source log predates env rows
plants.soil,2026-06-30T17:58:42.850Z,2026-06-30 12:58:42.850,15480,8f2080,Sprout ESP32,0.7.0,plants_logger_0_4,20004,UMLIFE_v2_TLC555,s2,origplant,soil_moisture,3130,,,OK,,,,,level=air-dry;role=diag;spread=38;gpio=35,,logs/Sprout ESP32_20260630_175827.csv,8f2080,soil_only_pre_env_reconnect,source log predates env rows
plants.soil,2026-06-30T17:58:47.622Z,2026-06-30 12:58:47.622,15481,8f2080,Sprout ESP32,0.7.0,plants_logger_0_4,25000,UMLIFE_v2_TLC555,s3,origplant,soil_moisture,3166,,,OK,,,,,level=air-dry;role=diag;spread=59;gpio=36,,logs/Sprout ESP32_20260630_175827.csv,8f2080,soil_only_pre_env_reconnect,source log predates env rows
plants.soil,2026-06-30T17:58:47.705Z,2026-06-30 12:58:47.705,15482,8f2080,Sprout ESP32,0.7.0,plants_logger_0_4,25000,UMLIFE_v2_TLC555,s4,origplant,soil_moisture,3160,,,OK,,,,,level=air-dry;role=diag;spread=43;gpio=39,,logs/Sprout ESP32_20260630_175827.csv,8f2080,soil_only_pre_env_reconnect,source log predates env rows
plants.soil,2026-06-30T17:58:47.786Z,2026-06-30 12:58:47.786,15483,8f2080,Sprout ESP32,0.7.0,plants_logger_0_4,25000,UMLIFE_v2_TLC555,s1,origplant,soil_moisture,3211,,,OK,,,,,level=air-dry;role=diag;spread=37;gpio=34,,logs/Sprout ESP32_20260630_175827.csv,8f2080,soil_only_pre_env_reconnect,source log predates env rows
plants.soil,2026-06-30T17:58:47.861Z,2026-06-30 12:58:47.861,15484,8f2080,Sprout ESP32,0.7.0,plants_logger_0_4,25000,UMLIFE_v2_TLC555,s2,origplant,soil_moisture,3136,,,OK,,,,,level=air-dry;role=diag;spread=38;gpio=35,,logs/Sprout ESP32_20260630_175827.csv,8f2080,soil_only_pre_env_reconnect,source log predates env rows
plants.soil,2026-06-30T17:58:52.640Z,2026-06-30 12:58:52.640,15485,8f2080,Sprout ESP32,0.7.0,plants_logger_0_4,30004,UMLIFE_v2_TLC555,s3,origplant,soil_moisture,3165,,,OK,,,,,level=air-dry;role=diag;spread=53;gpio=36,,logs/Sprout ESP32_20260630_175827.csv,8f2080,soil_only_pre_env_reconnect,source log predates env rows
plants.soil,2026-06-30T17:58:52.708Z,2026-06-30 12:58:52.708,15486,8f2080,Sprout ESP32,0.7.0,plants_logger_0_4,30004,UMLIFE_v2_TLC555,s4,origplant,soil_moisture,3166,,,OK,,,,,level=air-dry;role=diag;spread=48;gpio=39,,logs/Sprout ESP32_20260630_175827.csv,8f2080,soil_only_pre_env_reconnect,source log predates env rows
plants.soil,2026-06-30T17:58:52.790Z,2026-06-30 12:58:52.790,15487,8f2080,Sprout ESP32,0.7.0,plants_logger_0_4,30004,UMLIFE_v2_TLC555,s1,origplant,soil_moisture,3211,,,OK,,,,,level=air-dry;role=diag;spread=31;gpio=34,,logs/Sprout ESP32_20260630_175827.csv,8f2080,soil_only_pre_env_reconnect,source log predates env rows
plants.soil,2026-06-30T17:58:52.858Z,2026-06-30 12:58:52.858,15488,8f2080,Sprout ESP32,0.7.0,plants_logger_0_4,30004,UMLIFE_v2_TLC555,s2,origplant,soil_moisture,3131,,,OK,,,,,level=air-dry;role=diag;spread=45;gpio=35,,logs/Sprout ESP32_20260630_175827.csv,8f2080,soil_only_pre_env_reconnect,source log predates env rows
plants.soil,2026-06-30T17:58:57.636Z,2026-06-30 12:58:57.636,15489,8f2080,Sprout ESP32,0.7.0,plants_logger_0_4,35000,UMLIFE_v2_TLC555,s3,origplant,soil_moisture,3178,,,OK,,,,,level=air-dry;role=diag;spread=51;gpio=36,,logs/Sprout ESP32_20260630_175827.csv,8f2080,soil_only_pre_env_reconnect,source log predates env rows
plants.soil,2026-06-30T17:58:57.709Z,2026-06-30 12:58:57.709,15490,8f2080,Sprout ESP32,0.7.0,plants_logger_0_4,35000,UMLIFE_v2_TLC555,s4,origplant,soil_moisture,3166,,,OK,,,,,level=air-dry;role=diag;spread=40;gpio=39,,logs/Sprout ESP32_20260630_175827.csv,8f2080,soil_only_pre_env_reconnect,source log predates env rows
plants.soil,2026-06-30T17:58:57.781Z,2026-06-30 12:58:57.781,15491,8f2080,Sprout ESP32,0.7.0,plants_logger_0_4,35000,UMLIFE_v2_TLC555,s1,origplant,soil_moisture,3209,,,OK,,,,,level=air-dry;role=diag;spread=36;gpio=34,,logs/Sprout ESP32_20260630_175827.csv,8f2080,soil_only_pre_env_reconnect,source log predates env rows
plants.soil,2026-06-30T17:58:57.859Z,2026-06-30 12:58:57.859,15492,8f2080,Sprout ESP32,0.7.0,plants_logger_0_4,35000,UMLIFE_v2_TLC555,s2,origplant,soil_moisture,3133,,,OK,,,,,level=air-dry;role=diag;spread=35;gpio=35,,logs/Sprout ESP32_20260630_175827.csv,8f2080,soil_only_pre_env_reconnect,source log predates env rows
plants.soil,2026-06-30T17:59:02.640Z,2026-06-30 12:59:02.640,15493,8f2080,Sprout ESP32,0.7.0,plants_logger_0_4,40004,UMLIFE_v2_TLC555,s3,origplant,soil_moisture,3175,,,OK,,,,,level=air-dry;role=diag;spread=58;gpio=36,,logs/Sprout ESP32_20260630_175827.csv,8f2080,soil_only_pre_env_reconnect,source log predates env rows
plants.soil,2026-06-30T17:59:02.712Z,2026-06-30 12:59:02.712,15494,8f2080,Sprout ESP32,0.7.0,plants_logger_0_4,40004,UMLIFE_v2_TLC555,s4,origplant,soil_moisture,3161,,,OK,,,,,level=air-dry;role=diag;spread=47;gpio=39,,logs/Sprout ESP32_20260630_175827.csv,8f2080,soil_only_pre_env_reconnect,source log predates env rows
plants.soil,2026-06-30T17:59:02.780Z,2026-06-30 12:59:02.780,15495,8f2080,Sprout ESP32,0.7.0,plants_logger_0_4,40004,UMLIFE_v2_TLC555,s1,origplant,soil_moisture,3212,,,OK,,,,,level=air-dry;role=diag;spread=27;gpio=34,,logs/Sprout ESP32_20260630_175827.csv,8f2080,soil_only_pre_env_reconnect,source log predates env rows
plants.soil,2026-06-30T17:59:02.865Z,2026-06-30 12:59:02.865,15496,8f2080,Sprout ESP32,0.7.0,plants_logger_0_4,40004,UMLIFE_v2_TLC555,s2,origplant,soil_moisture,3131,,,OK,,,,,level=air-dry;role=diag;spread=41;gpio=35,,logs/Sprout ESP32_20260630_175827.csv,8f2080,soil_only_pre_env_reconnect,source log predates env rows
plants.soil,2026-06-30T17:59:07.636Z,2026-06-30 12:59:07.636,15497,8f2080,Sprout ESP32,0.7.0,plants_logger_0_4,45000,UMLIFE_v2_TLC555,s3,origplant,soil_moisture,3171,,,OK,,,,,level=air-dry;role=diag;spread=56;gpio=36,,logs/Sprout ESP32_20260630_175827.csv,8f2080,soil_only_pre_env_reconnect,source log predates env rows
plants.soil,2026-06-30T17:59:07.712Z,2026-06-30 12:59:07.712,15498,8f2080,Sprout ESP32,0.7.0,plants_logger_0_4,45000,UMLIFE_v2_TLC555,s4,origplant,soil_moisture,3168,,,OK,,,,,level=air-dry;role=diag;spread=32;gpio=39,,logs/Sprout ESP32_20260630_175827.csv,8f2080,soil_only_pre_env_reconnect,source log predates env rows
plants.soil,2026-06-30T17:59:07.786Z,2026-06-30 12:59:07.786,15499,8f2080,Sprout ESP32,0.7.0,plants_logger_0_4,45000,UMLIFE_v2_TLC555,s1,origplant,soil_moisture,3213,,,OK,,,,,level=air-dry;role=diag;spread=34;gpio=34,,logs/Sprout ESP32_20260630_175827.csv,8f2080,soil_only_pre_env_reconnect,source log predates env rows
plants.soil,2026-06-30T17:59:07.862Z,2026-06-30 12:59:07.862,15500,8f2080,Sprout ESP32,0.7.0,plants_logger_0_4,45000,UMLIFE_v2_TLC555,s2,origplant,soil_moisture,3130,,,OK,,,,,level=air-dry;role=diag;spread=44;gpio=35,,logs/Sprout ESP32_20260630_175827.csv,8f2080,soil_only_pre_env_reconnect,source log predates env rows
plants.soil,2026-06-30T17:59:12.641Z,2026-06-30 12:59:12.641,15501,8f2080,Sprout ESP32,0.7.0,plants_logger_0_4,50004,UMLIFE_v2_TLC555,s3,origplant,soil_moisture,3178,,,OK,,,,,level=air-dry;role=diag;spread=66;gpio=36,,logs/Sprout ESP32_20260630_175827.csv,8f2080,soil_only_pre_env_reconnect,source log predates env rows
plants.soil,2026-06-30T17:59:12.702Z,2026-06-30 12:59:12.702,15502,8f2080,Sprout ESP32,0.7.0,plants_logger_0_4,50004,UMLIFE_v2_TLC555,s4,origplant,soil_moisture,3163,,,OK,,,,,level=air-dry;role=diag;spread=39;gpio=39,,logs/Sprout ESP32_20260630_175827.csv,8f2080,soil_only_pre_env_reconnect,source log predates env rows
plants.soil,2026-06-30T17:59:12.791Z,2026-06-30 12:59:12.791,15503,8f2080,Sprout ESP32,0.7.0,plants_logger_0_4,50004,UMLIFE_v2_TLC555,s1,origplant,soil_moisture,3212,,,OK,,,,,level=air-dry;role=diag;spread=32;gpio=34,,logs/Sprout ESP32_20260630_175827.csv,8f2080,soil_only_pre_env_reconnect,source log predates env rows
plants.soil,2026-06-30T17:59:12.866Z,2026-06-30 12:59:12.866,15504,8f2080,Sprout ESP32,0.7.0,plants_logger_0_4,50004,UMLIFE_v2_TLC555,s2,origplant,soil_moisture,3131,,,OK,,,,,level=air-dry;role=diag;spread=43;gpio=35,,logs/Sprout ESP32_20260630_175827.csv,8f2080,soil_only_pre_env_reconnect,source log predates env rows
plants.soil,2026-06-30T17:59:17.637Z,2026-06-30 12:59:17.637,15505,8f2080,Sprout ESP32,0.7.0,plants_logger_0_4,55000,UMLIFE_v2_TLC555,s3,origplant,soil_moisture,3176,,,OK,,,,,level=air-dry;role=diag;spread=54;gpio=36,,logs/Sprout ESP32_20260630_175827.csv,8f2080,soil_only_pre_env_reconnect,source log predates env rows
plants.soil,2026-06-30T17:59:17.704Z,2026-06-30 12:59:17.704,15506,8f2080,Sprout ESP32,0.7.0,plants_logger_0_4,55000,UMLIFE_v2_TLC555,s4,origplant,soil_moisture,3164,,,OK,,,,,level=air-dry;role=diag;spread=38;gpio=39,,logs/Sprout ESP32_20260630_175827.csv,8f2080,soil_only_pre_env_reconnect,source log predates env rows
plants.soil,2026-06-30T17:59:17.786Z,2026-06-30 12:59:17.786,15507,8f2080,Sprout ESP32,0.7.0,plants_logger_0_4,55000,UMLIFE_v2_TLC555,s1,origplant,soil_moisture,3210,,,OK,,,,,level=air-dry;role=diag;spread=32;gpio=34,,logs/Sprout ESP32_20260630_175827.csv,8f2080,soil_only_pre_env_reconnect,source log predates env rows
plants.soil,2026-06-30T17:59:17.854Z,2026-06-30 12:59:17.854,15508,8f2080,Sprout ESP32,0.7.0,plants_logger_0_4,55000,UMLIFE_v2_TLC555,s2,origplant,soil_moisture,3129,,,OK,,,,,level=air-dry;role=diag;spread=45;gpio=35,,logs/Sprout ESP32_20260630_175827.csv,8f2080,soil_only_pre_env_reconnect,source log predates env rows
plants.soil,2026-06-30T17:59:22.641Z,2026-06-30 12:59:22.641,15509,8f2080,Sprout ESP32,0.7.0,plants_logger_0_4,60004,UMLIFE_v2_TLC555,s3,origplant,soil_moisture,3173,,,OK,,,,,level=air-dry;role=diag;spread=56;gpio=36,,logs/Sprout ESP32_20260630_175827.csv,8f2080,soil_only_pre_env_reconnect,source log predates env rows
plants.soil,2026-06-30T17:59:22.707Z,2026-06-30 12:59:22.707,15510,8f2080,Sprout ESP32,0.7.0,plants_logger_0_4,60004,UMLIFE_v2_TLC555,s4,origplant,soil_moisture,3167,,,OK,,,,,level=air-dry;role=diag;spread=40;gpio=39,,logs/Sprout ESP32_20260630_175827.csv,8f2080,soil_only_pre_env_reconnect,source log predates env rows
plants.soil,2026-06-30T17:59:22.791Z,2026-06-30 12:59:22.791,15511,8f2080,Sprout ESP32,0.7.0,plants_logger_0_4,60004,UMLIFE_v2_TLC555,s1,origplant,soil_moisture,3216,,,OK,,,,,level=air-dry;role=diag;spread=38;gpio=34,,logs/Sprout ESP32_20260630_175827.csv,8f2080,soil_only_pre_env_reconnect,source log predates env rows
plants.soil,2026-06-30T17:59:22.858Z,2026-06-30 12:59:22.858,15512,8f2080,Sprout ESP32,0.7.0,plants_logger_0_4,60004,UMLIFE_v2_TLC555,s2,origplant,soil_moisture,3131,,,OK,,,,,level=air-dry;role=diag;spread=48;gpio=35,,logs/Sprout ESP32_20260630_175827.csv,8f2080,soil_only_pre_env_reconnect,source log predates env rows
plants.soil,2026-06-30T17:59:27.626Z,2026-06-30 12:59:27.626,15513,8f2080,Sprout ESP32,0.7.0,plants_logger_0_4,65000,UMLIFE_v2_TLC555,s3,origplant,soil_moisture,3173,,,OK,,,,,level=air-dry;role=diag;spread=58;gpio=36,,logs/Sprout ESP32_20260630_175827.csv,8f2080,soil_only_pre_env_reconnect,source log predates env rows
plants.soil,2026-06-30T17:59:27.709Z,2026-06-30 12:59:27.709,15514,8f2080,Sprout ESP32,0.7.0,plants_logger_0_4,65000,UMLIFE_v2_TLC555,s4,origplant,soil_moisture,3164,,,OK,,,,,level=air-dry;role=diag;spread=39;gpio=39,,logs/Sprout ESP32_20260630_175827.csv,8f2080,soil_only_pre_env_reconnect,source log predates env rows
plants.soil,2026-06-30T17:59:27.788Z,2026-06-30 12:59:27.788,15515,8f2080,Sprout ESP32,0.7.0,plants_logger_0_4,65000,UMLIFE_v2_TLC555,s1,origplant,soil_moisture,3216,,,OK,,,,,level=air-dry;role=diag;spread=36;gpio=34,,logs/Sprout ESP32_20260630_175827.csv,8f2080,soil_only_pre_env_reconnect,source log predates env rows
plants.soil,2026-06-30T17:59:27.859Z,2026-06-30 12:59:27.859,15516,8f2080,Sprout ESP32,0.7.0,plants_logger_0_4,65000,UMLIFE_v2_TLC555,s2,origplant,soil_moisture,3128,,,OK,,,,,level=air-dry;role=diag;spread=40;gpio=35,,logs/Sprout ESP32_20260630_175827.csv,8f2080,soil_only_pre_env_reconnect,source log predates env rows
plants.soil,2026-06-30T17:59:32.638Z,2026-06-30 12:59:32.638,15517,8f2080,Sprout ESP32,0.7.0,plants_logger_0_4,70004,UMLIFE_v2_TLC555,s3,origplant,soil_moisture,3174,,,OK,,,,,level=air-dry;role=diag;spread=55;gpio=36,,logs/Sprout ESP32_20260630_175827.csv,8f2080,soil_only_pre_env_reconnect,source log predates env rows
plants.soil,2026-06-30T17:59:32.717Z,2026-06-30 12:59:32.717,15518,8f2080,Sprout ESP32,0.7.0,plants_logger_0_4,70004,UMLIFE_v2_TLC555,s4,origplant,soil_moisture,3172,,,OK,,,,,level=air-dry;role=diag;spread=44;gpio=39,,logs/Sprout ESP32_20260630_175827.csv,8f2080,soil_only_pre_env_reconnect,source log predates env rows
plants.soil,2026-06-30T17:59:32.785Z,2026-06-30 12:59:32.785,15519,8f2080,Sprout ESP32,0.7.0,plants_logger_0_4,70004,UMLIFE_v2_TLC555,s1,origplant,soil_moisture,3216,,,OK,,,,,level=air-dry;role=diag;spread=39;gpio=34,,logs/Sprout ESP32_20260630_175827.csv,8f2080,soil_only_pre_env_reconnect,source log predates env rows
plants.soil,2026-06-30T17:59:32.867Z,2026-06-30 12:59:32.867,15520,8f2080,Sprout ESP32,0.7.0,plants_logger_0_4,70004,UMLIFE_v2_TLC555,s2,origplant,soil_moisture,3131,,,OK,,,,,level=air-dry;role=diag;spread=46;gpio=35,,logs/Sprout ESP32_20260630_175827.csv,8f2080,soil_only_pre_env_reconnect,source log predates env rows
plants.soil,2026-06-30T17:59:37.637Z,2026-06-30 12:59:37.637,15521,8f2080,Sprout ESP32,0.7.0,plants_logger_0_4,75000,UMLIFE_v2_TLC555,s3,origplant,soil_moisture,3174,,,OK,,,,,level=air-dry;role=diag;spread=59;gpio=36,,logs/Sprout ESP32_20260630_175827.csv,8f2080,soil_only_pre_env_reconnect,source log predates env rows
plants.soil,2026-06-30T17:59:37.703Z,2026-06-30 12:59:37.703,15522,8f2080,Sprout ESP32,0.7.0,plants_logger_0_4,75000,UMLIFE_v2_TLC555,s4,origplant,soil_moisture,3169,,,OK,,,,,level=air-dry;role=diag;spread=41;gpio=39,,logs/Sprout ESP32_20260630_175827.csv,8f2080,soil_only_pre_env_reconnect,source log predates env rows
plants.soil,2026-06-30T17:59:37.782Z,2026-06-30 12:59:37.782,15523,8f2080,Sprout ESP32,0.7.0,plants_logger_0_4,75000,UMLIFE_v2_TLC555,s1,origplant,soil_moisture,3218,,,OK,,,,,level=air-dry;role=diag;spread=35;gpio=34,,logs/Sprout ESP32_20260630_175827.csv,8f2080,soil_only_pre_env_reconnect,source log predates env rows
plants.soil,2026-06-30T17:59:37.862Z,2026-06-30 12:59:37.862,15524,8f2080,Sprout ESP32,0.7.0,plants_logger_0_4,75000,UMLIFE_v2_TLC555,s2,origplant,soil_moisture,3134,,,OK,,,,,level=air-dry;role=diag;spread=54;gpio=35,,logs/Sprout ESP32_20260630_175827.csv,8f2080,soil_only_pre_env_reconnect,source log predates env rows
plants.soil,2026-06-30T17:59:42.640Z,2026-06-30 12:59:42.640,15525,8f2080,Sprout ESP32,0.7.0,plants_logger_0_4,80004,UMLIFE_v2_TLC555,s3,origplant,soil_moisture,3173,,,OK,,,,,level=air-dry;role=diag;spread=55;gpio=36,,logs/Sprout ESP32_20260630_175827.csv,8f2080,soil_only_pre_env_reconnect,source log predates env rows
plants.soil,2026-06-30T17:59:42.717Z,2026-06-30 12:59:42.717,15526,8f2080,Sprout ESP32,0.7.0,plants_logger_0_4,80004,UMLIFE_v2_TLC555,s4,origplant,soil_moisture,3167,,,OK,,,,,level=air-dry;role=diag;spread=38;gpio=39,,logs/Sprout ESP32_20260630_175827.csv,8f2080,soil_only_pre_env_reconnect,source log predates env rows
plants.soil,2026-06-30T17:59:42.791Z,2026-06-30 12:59:42.791,15527,8f2080,Sprout ESP32,0.7.0,plants_logger_0_4,80004,UMLIFE_v2_TLC555,s1,origplant,soil_moisture,3215,,,OK,,,,,level=air-dry;role=diag;spread=34;gpio=34,,logs/Sprout ESP32_20260630_175827.csv,8f2080,soil_only_pre_env_reconnect,source log predates env rows
plants.soil,2026-06-30T17:59:42.867Z,2026-06-30 12:59:42.867,15528,8f2080,Sprout ESP32,0.7.0,plants_logger_0_4,80004,UMLIFE_v2_TLC555,s2,origplant,soil_moisture,3133,,,OK,,,,,level=air-dry;role=diag;spread=42;gpio=35,,logs/Sprout ESP32_20260630_175827.csv,8f2080,soil_only_pre_env_reconnect,source log predates env rows
plants.soil,2026-06-30T17:59:47.638Z,2026-06-30 12:59:47.638,15529,8f2080,Sprout ESP32,0.7.0,plants_logger_0_4,85000,UMLIFE_v2_TLC555,s3,origplant,soil_moisture,3179,,,OK,,,,,level=air-dry;role=diag;spread=55;gpio=36,,logs/Sprout ESP32_20260630_175827.csv,8f2080,soil_only_pre_env_reconnect,source log predates env rows
plants.soil,2026-06-30T17:59:47.713Z,2026-06-30 12:59:47.713,15530,8f2080,Sprout ESP32,0.7.0,plants_logger_0_4,85000,UMLIFE_v2_TLC555,s4,origplant,soil_moisture,3167,,,OK,,,,,level=air-dry;role=diag;spread=36;gpio=39,,logs/Sprout ESP32_20260630_175827.csv,8f2080,soil_only_pre_env_reconnect,source log predates env rows
plants.soil,2026-06-30T17:59:47.787Z,2026-06-30 12:59:47.787,15531,8f2080,Sprout ESP32,0.7.0,plants_logger_0_4,85000,UMLIFE_v2_TLC555,s1,origplant,soil_moisture,3215,,,OK,,,,,level=air-dry;role=diag;spread=34;gpio=34,,logs/Sprout ESP32_20260630_175827.csv,8f2080,soil_only_pre_env_reconnect,source log predates env rows
plants.soil,2026-06-30T17:59:47.863Z,2026-06-30 12:59:47.863,15532,8f2080,Sprout ESP32,0.7.0,plants_logger_0_4,85000,UMLIFE_v2_TLC555,s2,origplant,soil_moisture,3134,,,OK,,,,,level=air-dry;role=diag;spread=35;gpio=35,,logs/Sprout ESP32_20260630_175827.csv,8f2080,soil_only_pre_env_reconnect,source log predates env rows
plants.soil,2026-06-30T17:59:52.640Z,2026-06-30 12:59:52.640,15533,8f2080,Sprout ESP32,0.7.0,plants_logger_0_4,90004,UMLIFE_v2_TLC555,s3,origplant,soil_moisture,3177,,,OK,,,,,level=air-dry;role=diag;spread=50;gpio=36,,logs/Sprout ESP32_20260630_175827.csv,8f2080,soil_only_pre_env_reconnect,source log predates env rows
plants.soil,2026-06-30T17:59:52.708Z,2026-06-30 12:59:52.708,15534,8f2080,Sprout ESP32,0.7.0,plants_logger_0_4,90004,UMLIFE_v2_TLC555,s4,origplant,soil_moisture,3168,,,OK,,,,,level=air-dry;role=diag;spread=35;gpio=39,,logs/Sprout ESP32_20260630_175827.csv,8f2080,soil_only_pre_env_reconnect,source log predates env rows
plants.soil,2026-06-30T17:59:52.790Z,2026-06-30 12:59:52.790,15535,8f2080,Sprout ESP32,0.7.0,plants_logger_0_4,90004,UMLIFE_v2_TLC555,s1,origplant,soil_moisture,3210,,,OK,,,,,level=air-dry;role=diag;spread=29;gpio=34,,logs/Sprout ESP32_20260630_175827.csv,8f2080,soil_only_pre_env_reconnect,source log predates env rows
plants.soil,2026-06-30T17:59:52.860Z,2026-06-30 12:59:52.860,15536,8f2080,Sprout ESP32,0.7.0,plants_logger_0_4,90004,UMLIFE_v2_TLC555,s2,origplant,soil_moisture,3130,,,OK,,,,,level=air-dry;role=diag;spread=53;gpio=35,,logs/Sprout ESP32_20260630_175827.csv,8f2080,soil_only_pre_env_reconnect,source log predates env rows
plants.soil,2026-06-30T17:59:57.629Z,2026-06-30 12:59:57.629,15537,8f2080,Sprout ESP32,0.7.0,plants_logger_0_4,95000,UMLIFE_v2_TLC555,s3,origplant,soil_moisture,3172,,,OK,,,,,level=air-dry;role=diag;spread=56;gpio=36,,logs/Sprout ESP32_20260630_175827.csv,8f2080,soil_only_pre_env_reconnect,source log predates env rows
plants.soil,2026-06-30T17:59:57.713Z,2026-06-30 12:59:57.713,15538,8f2080,Sprout ESP32,0.7.0,plants_logger_0_4,95000,UMLIFE_v2_TLC555,s4,origplant,soil_moisture,3167,,,OK,,,,,level=air-dry;role=diag;spread=37;gpio=39,,logs/Sprout ESP32_20260630_175827.csv,8f2080,soil_only_pre_env_reconnect,source log predates env rows
plants.soil,2026-06-30T17:59:57.778Z,2026-06-30 12:59:57.778,15539,8f2080,Sprout ESP32,0.7.0,plants_logger_0_4,95000,UMLIFE_v2_TLC555,s1,origplant,soil_moisture,3212,,,OK,,,,,level=air-dry;role=diag;spread=36;gpio=34,,logs/Sprout ESP32_20260630_175827.csv,8f2080,soil_only_pre_env_reconnect,source log predates env rows
plants.soil,2026-06-30T17:59:57.859Z,2026-06-30 12:59:57.859,15540,8f2080,Sprout ESP32,0.7.0,plants_logger_0_4,95000,UMLIFE_v2_TLC555,s2,origplant,soil_moisture,3133,,,OK,,,,,level=air-dry;role=diag;spread=37;gpio=35,,logs/Sprout ESP32_20260630_175827.csv,8f2080,soil_only_pre_env_reconnect,source log predates env rows
plants.soil,2026-06-30T18:00:02.637Z,2026-06-30 13:00:02.637,15541,8f2080,Sprout ESP32,0.7.0,plants_logger_0_4,100004,UMLIFE_v2_TLC555,s3,origplant,soil_moisture,3175,,,OK,,,,,level=air-dry;role=diag;spread=55;gpio=36,,logs/Sprout ESP32_20260630_175827.csv,8f2080,soil_only_pre_env_reconnect,source log predates env rows
plants.soil,2026-06-30T18:00:02.719Z,2026-06-30 13:00:02.719,15542,8f2080,Sprout ESP32,0.7.0,plants_logger_0_4,100004,UMLIFE_v2_TLC555,s4,origplant,soil_moisture,3169,,,OK,,,,,level=air-dry;role=diag;spread=37;gpio=39,,logs/Sprout ESP32_20260630_175827.csv,8f2080,soil_only_pre_env_reconnect,source log predates env rows
plants.soil,2026-06-30T18:00:02.795Z,2026-06-30 13:00:02.795,15543,8f2080,Sprout ESP32,0.7.0,plants_logger_0_4,100004,UMLIFE_v2_TLC555,s1,origplant,soil_moisture,3212,,,OK,,,,,level=air-dry;role=diag;spread=29;gpio=34,,logs/Sprout ESP32_20260630_175827.csv,8f2080,soil_only_pre_env_reconnect,source log predates env rows
plants.soil,2026-06-30T18:00:02.869Z,2026-06-30 13:00:02.869,15544,8f2080,Sprout ESP32,0.7.0,plants_logger_0_4,100004,UMLIFE_v2_TLC555,s2,origplant,soil_moisture,3130,,,OK,,,,,level=air-dry;role=diag;spread=46;gpio=35,,logs/Sprout ESP32_20260630_175827.csv,8f2080,soil_only_pre_env_reconnect,source log predates env rows
plants.soil,2026-06-30T18:00:07.635Z,2026-06-30 13:00:07.635,15545,8f2080,Sprout ESP32,0.7.0,plants_logger_0_4,105000,UMLIFE_v2_TLC555,s3,origplant,soil_moisture,3168,,,OK,,,,,level=air-dry;role=diag;spread=58;gpio=36,,logs/Sprout ESP32_20260630_175827.csv,8f2080,soil_only_pre_env_reconnect,source log predates env rows
plants.soil,2026-06-30T18:00:07.715Z,2026-06-30 13:00:07.715,15546,8f2080,Sprout ESP32,0.7.0,plants_logger_0_4,105000,UMLIFE_v2_TLC555,s4,origplant,soil_moisture,3166,,,OK,,,,,level=air-dry;role=diag;spread=44;gpio=39,,logs/Sprout ESP32_20260630_175827.csv,8f2080,soil_only_pre_env_reconnect,source log predates env rows
plants.soil,2026-06-30T18:00:07.791Z,2026-06-30 13:00:07.791,15547,8f2080,Sprout ESP32,0.7.0,plants_logger_0_4,105000,UMLIFE_v2_TLC555,s1,origplant,soil_moisture,3211,,,OK,,,,,level=air-dry;role=diag;spread=37;gpio=34,,logs/Sprout ESP32_20260630_175827.csv,8f2080,soil_only_pre_env_reconnect,source log predates env rows
plants.soil,2026-06-30T18:00:07.866Z,2026-06-30 13:00:07.866,15548,8f2080,Sprout ESP32,0.7.0,plants_logger_0_4,105000,UMLIFE_v2_TLC555,s2,origplant,soil_moisture,3134,,,OK,,,,,level=air-dry;role=diag;spread=34;gpio=35,,logs/Sprout ESP32_20260630_175827.csv,8f2080,soil_only_pre_env_reconnect,source log predates env rows
plants.soil,2026-06-30T18:00:12.634Z,2026-06-30 13:00:12.634,15549,8f2080,Sprout ESP32,0.7.0,plants_logger_0_4,110004,UMLIFE_v2_TLC555,s3,origplant,soil_moisture,3170,,,OK,,,,,level=air-dry;role=diag;spread=60;gpio=36,,logs/Sprout ESP32_20260630_175827.csv,8f2080,soil_only_pre_env_reconnect,source log predates env rows
plants.soil,2026-06-30T18:00:12.718Z,2026-06-30 13:00:12.718,15550,8f2080,Sprout ESP32,0.7.0,plants_logger_0_4,110004,UMLIFE_v2_TLC555,s4,origplant,soil_moisture,3170,,,OK,,,,,level=air-dry;role=diag;spread=37;gpio=39,,logs/Sprout ESP32_20260630_175827.csv,8f2080,soil_only_pre_env_reconnect,source log predates env rows
plants.soil,2026-06-30T18:00:12.785Z,2026-06-30 13:00:12.785,15551,8f2080,Sprout ESP32,0.7.0,plants_logger_0_4,110004,UMLIFE_v2_TLC555,s1,origplant,soil_moisture,3208,,,OK,,,,,level=air-dry;role=diag;spread=40;gpio=34,,logs/Sprout ESP32_20260630_175827.csv,8f2080,soil_only_pre_env_reconnect,source log predates env rows
plants.soil,2026-06-30T18:00:12.869Z,2026-06-30 13:00:12.869,15552,8f2080,Sprout ESP32,0.7.0,plants_logger_0_4,110004,UMLIFE_v2_TLC555,s2,origplant,soil_moisture,3132,,,OK,,,,,level=air-dry;role=diag;spread=44;gpio=35,,logs/Sprout ESP32_20260630_175827.csv,8f2080,soil_only_pre_env_reconnect,source log predates env rows
plants.soil,2026-06-30T18:00:17.637Z,2026-06-30 13:00:17.637,15553,8f2080,Sprout ESP32,0.7.0,plants_logger_0_4,115000,UMLIFE_v2_TLC555,s3,origplant,soil_moisture,3173,,,OK,,,,,level=air-dry;role=diag;spread=49;gpio=36,,logs/Sprout ESP32_20260630_175827.csv,8f2080,soil_only_pre_env_reconnect,source log predates env rows
plants.soil,2026-06-30T18:00:17.715Z,2026-06-30 13:00:17.715,15554,8f2080,Sprout ESP32,0.7.0,plants_logger_0_4,115000,UMLIFE_v2_TLC555,s4,origplant,soil_moisture,3168,,,OK,,,,,level=air-dry;role=diag;spread=39;gpio=39,,logs/Sprout ESP32_20260630_175827.csv,8f2080,soil_only_pre_env_reconnect,source log predates env rows
plants.soil,2026-06-30T18:00:17.787Z,2026-06-30 13:00:17.787,15555,8f2080,Sprout ESP32,0.7.0,plants_logger_0_4,115000,UMLIFE_v2_TLC555,s1,origplant,soil_moisture,3210,,,OK,,,,,level=air-dry;role=diag;spread=34;gpio=34,,logs/Sprout ESP32_20260630_175827.csv,8f2080,soil_only_pre_env_reconnect,source log predates env rows
plants.soil,2026-06-30T18:00:17.854Z,2026-06-30 13:00:17.854,15556,8f2080,Sprout ESP32,0.7.0,plants_logger_0_4,115000,UMLIFE_v2_TLC555,s2,origplant,soil_moisture,3131,,,OK,,,,,level=air-dry;role=diag;spread=39;gpio=35,,logs/Sprout ESP32_20260630_175827.csv,8f2080,soil_only_pre_env_reconnect,source log predates env rows
plants.soil,2026-06-30T18:00:22.644Z,2026-06-30 13:00:22.644,15557,8f2080,Sprout ESP32,0.7.0,plants_logger_0_4,120004,UMLIFE_v2_TLC555,s3,origplant,soil_moisture,3175,,,OK,,,,,level=air-dry;role=diag;spread=52;gpio=36,,logs/Sprout ESP32_20260630_175827.csv,8f2080,soil_only_pre_env_reconnect,source log predates env rows
plants.soil,2026-06-30T18:00:22.706Z,2026-06-30 13:00:22.706,15558,8f2080,Sprout ESP32,0.7.0,plants_logger_0_4,120004,UMLIFE_v2_TLC555,s4,origplant,soil_moisture,3170,,,OK,,,,,level=air-dry;role=diag;spread=43;gpio=39,,logs/Sprout ESP32_20260630_175827.csv,8f2080,soil_only_pre_env_reconnect,source log predates env rows
plants.soil,2026-06-30T18:00:22.790Z,2026-06-30 13:00:22.790,15559,8f2080,Sprout ESP32,0.7.0,plants_logger_0_4,120004,UMLIFE_v2_TLC555,s1,origplant,soil_moisture,3213,,,OK,,,,,level=air-dry;role=diag;spread=36;gpio=34,,logs/Sprout ESP32_20260630_175827.csv,8f2080,soil_only_pre_env_reconnect,source log predates env rows
plants.soil,2026-06-30T18:00:22.871Z,2026-06-30 13:00:22.871,15560,8f2080,Sprout ESP32,0.7.0,plants_logger_0_4,120004,UMLIFE_v2_TLC555,s2,origplant,soil_moisture,3130,,,OK,,,,,level=air-dry;role=diag;spread=47;gpio=35,,logs/Sprout ESP32_20260630_175827.csv,8f2080,soil_only_pre_env_reconnect,source log predates env rows
plants.soil,2026-06-30T18:00:27.641Z,2026-06-30 13:00:27.641,15561,8f2080,Sprout ESP32,0.7.0,plants_logger_0_4,125000,UMLIFE_v2_TLC555,s3,origplant,soil_moisture,3171,,,OK,,,,,level=air-dry;role=diag;spread=62;gpio=36,,logs/Sprout ESP32_20260630_175827.csv,8f2080,soil_only_pre_env_reconnect,source log predates env rows
plants.soil,2026-06-30T18:00:27.710Z,2026-06-30 13:00:27.710,15562,8f2080,Sprout ESP32,0.7.0,plants_logger_0_4,125000,UMLIFE_v2_TLC555,s4,origplant,soil_moisture,3167,,,OK,,,,,level=air-dry;role=diag;spread=37;gpio=39,,logs/Sprout ESP32_20260630_175827.csv,8f2080,soil_only_pre_env_reconnect,source log predates env rows
plants.soil,2026-06-30T18:00:27.789Z,2026-06-30 13:00:27.789,15563,8f2080,Sprout ESP32,0.7.0,plants_logger_0_4,125000,UMLIFE_v2_TLC555,s1,origplant,soil_moisture,3213,,,OK,,,,,level=air-dry;role=diag;spread=33;gpio=34,,logs/Sprout ESP32_20260630_175827.csv,8f2080,soil_only_pre_env_reconnect,source log predates env rows
plants.soil,2026-06-30T18:00:27.857Z,2026-06-30 13:00:27.857,15564,8f2080,Sprout ESP32,0.7.0,plants_logger_0_4,125000,UMLIFE_v2_TLC555,s2,origplant,soil_moisture,3133,,,OK,,,,,level=air-dry;role=diag;spread=46;gpio=35,,logs/Sprout ESP32_20260630_175827.csv,8f2080,soil_only_pre_env_reconnect,source log predates env rows
plants.soil,2026-06-30T18:00:32.644Z,2026-06-30 13:00:32.644,15565,8f2080,Sprout ESP32,0.7.0,plants_logger_0_4,130004,UMLIFE_v2_TLC555,s3,origplant,soil_moisture,3176,,,OK,,,,,level=air-dry;role=diag;spread=48;gpio=36,,logs/Sprout ESP32_20260630_175827.csv,8f2080,soil_only_pre_env_reconnect,source log predates env rows
plants.soil,2026-06-30T18:00:32.720Z,2026-06-30 13:00:32.720,15566,8f2080,Sprout ESP32,0.7.0,plants_logger_0_4,130004,UMLIFE_v2_TLC555,s4,origplant,soil_moisture,3173,,,OK,,,,,level=air-dry;role=diag;spread=41;gpio=39,,logs/Sprout ESP32_20260630_175827.csv,8f2080,soil_only_pre_env_reconnect,source log predates env rows
plants.soil,2026-06-30T18:00:32.793Z,2026-06-30 13:00:32.793,15567,8f2080,Sprout ESP32,0.7.0,plants_logger_0_4,130004,UMLIFE_v2_TLC555,s1,origplant,soil_moisture,3214,,,OK,,,,,level=air-dry;role=diag;spread=38;gpio=34,,logs/Sprout ESP32_20260630_175827.csv,8f2080,soil_only_pre_env_reconnect,source log predates env rows
plants.soil,2026-06-30T18:00:32.862Z,2026-06-30 13:00:32.862,15568,8f2080,Sprout ESP32,0.7.0,plants_logger_0_4,130004,UMLIFE_v2_TLC555,s2,origplant,soil_moisture,3129,,,OK,,,,,level=air-dry;role=diag;spread=56;gpio=35,,logs/Sprout ESP32_20260630_175827.csv,8f2080,soil_only_pre_env_reconnect,source log predates env rows
plants.soil,2026-06-30T18:00:37.637Z,2026-06-30 13:00:37.637,15569,8f2080,Sprout ESP32,0.7.0,plants_logger_0_4,135000,UMLIFE_v2_TLC555,s3,origplant,soil_moisture,3170,,,OK,,,,,level=air-dry;role=diag;spread=62;gpio=36,,logs/Sprout ESP32_20260630_175827.csv,8f2080,soil_only_pre_env_reconnect,source log predates env rows
plants.soil,2026-06-30T18:00:37.716Z,2026-06-30 13:00:37.716,15570,8f2080,Sprout ESP32,0.7.0,plants_logger_0_4,135000,UMLIFE_v2_TLC555,s4,origplant,soil_moisture,3169,,,OK,,,,,level=air-dry;role=diag;spread=44;gpio=39,,logs/Sprout ESP32_20260630_175827.csv,8f2080,soil_only_pre_env_reconnect,source log predates env rows
plants.soil,2026-06-30T18:00:37.782Z,2026-06-30 13:00:37.782,15571,8f2080,Sprout ESP32,0.7.0,plants_logger_0_4,135000,UMLIFE_v2_TLC555,s1,origplant,soil_moisture,3209,,,OK,,,,,level=air-dry;role=diag;spread=39;gpio=34,,logs/Sprout ESP32_20260630_175827.csv,8f2080,soil_only_pre_env_reconnect,source log predates env rows
plants.soil,2026-06-30T18:00:37.868Z,2026-06-30 13:00:37.868,15572,8f2080,Sprout ESP32,0.7.0,plants_logger_0_4,135000,UMLIFE_v2_TLC555,s2,origplant,soil_moisture,3131,,,OK,,,,,level=air-dry;role=diag;spread=41;gpio=35,,logs/Sprout ESP32_20260630_175827.csv,8f2080,soil_only_pre_env_reconnect,source log predates env rows
plants.soil,2026-06-30T18:00:42.645Z,2026-06-30 13:00:42.645,15573,8f2080,Sprout ESP32,0.7.0,plants_logger_0_4,140004,UMLIFE_v2_TLC555,s3,origplant,soil_moisture,3167,,,OK,,,,,level=air-dry;role=diag;spread=59;gpio=36,,logs/Sprout ESP32_20260630_175827.csv,8f2080,soil_only_pre_env_reconnect,source log predates env rows
plants.soil,2026-06-30T18:00:42.721Z,2026-06-30 13:00:42.721,15574,8f2080,Sprout ESP32,0.7.0,plants_logger_0_4,140004,UMLIFE_v2_TLC555,s4,origplant,soil_moisture,3171,,,OK,,,,,level=air-dry;role=diag;spread=46;gpio=39,,logs/Sprout ESP32_20260630_175827.csv,8f2080,soil_only_pre_env_reconnect,source log predates env rows
plants.soil,2026-06-30T18:00:42.796Z,2026-06-30 13:00:42.796,15575,8f2080,Sprout ESP32,0.7.0,plants_logger_0_4,140004,UMLIFE_v2_TLC555,s1,origplant,soil_moisture,3213,,,OK,,,,,level=air-dry;role=diag;spread=28;gpio=34,,logs/Sprout ESP32_20260630_175827.csv,8f2080,soil_only_pre_env_reconnect,source log predates env rows
plants.soil,2026-06-30T18:00:42.868Z,2026-06-30 13:00:42.868,15576,8f2080,Sprout ESP32,0.7.0,plants_logger_0_4,140004,UMLIFE_v2_TLC555,s2,origplant,soil_moisture,3134,,,OK,,,,,level=air-dry;role=diag;spread=40;gpio=35,,logs/Sprout ESP32_20260630_175827.csv,8f2080,soil_only_pre_env_reconnect,source log predates env rows
plants.soil,2026-06-30T18:00:47.638Z,2026-06-30 13:00:47.638,15577,8f2080,Sprout ESP32,0.7.0,plants_logger_0_4,145000,UMLIFE_v2_TLC555,s3,origplant,soil_moisture,3171,,,OK,,,,,level=air-dry;role=diag;spread=52;gpio=36,,logs/Sprout ESP32_20260630_175827.csv,8f2080,soil_only_pre_env_reconnect,source log predates env rows
plants.soil,2026-06-30T18:00:47.710Z,2026-06-30 13:00:47.710,15578,8f2080,Sprout ESP32,0.7.0,plants_logger_0_4,145000,UMLIFE_v2_TLC555,s4,origplant,soil_moisture,3166,,,OK,,,,,level=air-dry;role=diag;spread=43;gpio=39,,logs/Sprout ESP32_20260630_175827.csv,8f2080,soil_only_pre_env_reconnect,source log predates env rows
plants.soil,2026-06-30T18:00:47.786Z,2026-06-30 13:00:47.786,15579,8f2080,Sprout ESP32,0.7.0,plants_logger_0_4,145000,UMLIFE_v2_TLC555,s1,origplant,soil_moisture,3214,,,OK,,,,,level=air-dry;role=diag;spread=33;gpio=34,,logs/Sprout ESP32_20260630_175827.csv,8f2080,soil_only_pre_env_reconnect,source log predates env rows
plants.soil,2026-06-30T18:00:47.867Z,2026-06-30 13:00:47.867,15580,8f2080,Sprout ESP32,0.7.0,plants_logger_0_4,145000,UMLIFE_v2_TLC555,s2,origplant,soil_moisture,3137,,,OK,,,,,level=air-dry;role=diag;spread=48;gpio=35,,logs/Sprout ESP32_20260630_175827.csv,8f2080,soil_only_pre_env_reconnect,source log predates env rows
plants.soil,2026-06-30T18:00:52.645Z,2026-06-30 13:00:52.645,15581,8f2080,Sprout ESP32,0.7.0,plants_logger_0_4,150004,UMLIFE_v2_TLC555,s3,origplant,soil_moisture,3177,,,OK,,,,,level=air-dry;role=diag;spread=52;gpio=36,,logs/Sprout ESP32_20260630_175827.csv,8f2080,soil_only_pre_env_reconnect,source log predates env rows
plants.soil,2026-06-30T18:00:52.721Z,2026-06-30 13:00:52.721,15582,8f2080,Sprout ESP32,0.7.0,plants_logger_0_4,150004,UMLIFE_v2_TLC555,s4,origplant,soil_moisture,3173,,,OK,,,,,level=air-dry;role=diag;spread=47;gpio=39,,logs/Sprout ESP32_20260630_175827.csv,8f2080,soil_only_pre_env_reconnect,source log predates env rows
plants.soil,2026-06-30T18:00:52.796Z,2026-06-30 13:00:52.796,15583,8f2080,Sprout ESP32,0.7.0,plants_logger_0_4,150004,UMLIFE_v2_TLC555,s1,origplant,soil_moisture,3216,,,OK,,,,,level=air-dry;role=diag;spread=42;gpio=34,,logs/Sprout ESP32_20260630_175827.csv,8f2080,soil_only_pre_env_reconnect,source log predates env rows
plants.soil,2026-06-30T18:00:52.872Z,2026-06-30 13:00:52.872,15584,8f2080,Sprout ESP32,0.7.0,plants_logger_0_4,150004,UMLIFE_v2_TLC555,s2,origplant,soil_moisture,3135,,,OK,,,,,level=air-dry;role=diag;spread=39;gpio=35,,logs/Sprout ESP32_20260630_175827.csv,8f2080,soil_only_pre_env_reconnect,source log predates env rows
plants.soil,2026-06-30T18:00:57.638Z,2026-06-30 13:00:57.638,15585,8f2080,Sprout ESP32,0.7.0,plants_logger_0_4,155000,UMLIFE_v2_TLC555,s3,origplant,soil_moisture,3172,,,OK,,,,,level=air-dry;role=diag;spread=59;gpio=36,,logs/Sprout ESP32_20260630_175827.csv,8f2080,soil_only_pre_env_reconnect,source log predates env rows
plants.soil,2026-06-30T18:00:57.704Z,2026-06-30 13:00:57.704,15586,8f2080,Sprout ESP32,0.7.0,plants_logger_0_4,155000,UMLIFE_v2_TLC555,s4,origplant,soil_moisture,3170,,,OK,,,,,level=air-dry;role=diag;spread=48;gpio=39,,logs/Sprout ESP32_20260630_175827.csv,8f2080,soil_only_pre_env_reconnect,source log predates env rows
plants.soil,2026-06-30T18:00:57.783Z,2026-06-30 13:00:57.783,15587,8f2080,Sprout ESP32,0.7.0,plants_logger_0_4,155000,UMLIFE_v2_TLC555,s1,origplant,soil_moisture,3217,,,OK,,,,,level=air-dry;role=diag;spread=38;gpio=34,,logs/Sprout ESP32_20260630_175827.csv,8f2080,soil_only_pre_env_reconnect,source log predates env rows
plants.soil,2026-06-30T18:00:57.860Z,2026-06-30 13:00:57.860,15588,8f2080,Sprout ESP32,0.7.0,plants_logger_0_4,155000,UMLIFE_v2_TLC555,s2,origplant,soil_moisture,3135,,,OK,,,,,level=air-dry;role=diag;spread=33;gpio=35,,logs/Sprout ESP32_20260630_175827.csv,8f2080,soil_only_pre_env_reconnect,source log predates env rows
plants.soil,2026-06-30T18:01:02.644Z,2026-06-30 13:01:02.644,15589,8f2080,Sprout ESP32,0.7.0,plants_logger_0_4,160004,UMLIFE_v2_TLC555,s3,origplant,soil_moisture,3180,,,OK,,,,,level=air-dry;role=diag;spread=62;gpio=36,,logs/Sprout ESP32_20260630_175827.csv,8f2080,soil_only_pre_env_reconnect,source log predates env rows
plants.soil,2026-06-30T18:01:02.722Z,2026-06-30 13:01:02.722,15590,8f2080,Sprout ESP32,0.7.0,plants_logger_0_4,160004,UMLIFE_v2_TLC555,s4,origplant,soil_moisture,3174,,,OK,,,,,level=air-dry;role=diag;spread=44;gpio=39,,logs/Sprout ESP32_20260630_175827.csv,8f2080,soil_only_pre_env_reconnect,source log predates env rows
plants.soil,2026-06-30T18:01:02.792Z,2026-06-30 13:01:02.792,15591,8f2080,Sprout ESP32,0.7.0,plants_logger_0_4,160004,UMLIFE_v2_TLC555,s1,origplant,soil_moisture,3220,,,OK,,,,,level=air-dry;role=diag;spread=41;gpio=34,,logs/Sprout ESP32_20260630_175827.csv,8f2080,soil_only_pre_env_reconnect,source log predates env rows
plants.soil,2026-06-30T18:01:02.860Z,2026-06-30 13:01:02.860,15592,8f2080,Sprout ESP32,0.7.0,plants_logger_0_4,160004,UMLIFE_v2_TLC555,s2,origplant,soil_moisture,3133,,,OK,,,,,level=air-dry;role=diag;spread=54;gpio=35,,logs/Sprout ESP32_20260630_175827.csv,8f2080,soil_only_pre_env_reconnect,source log predates env rows
plants.soil,2026-06-30T18:01:07.631Z,2026-06-30 13:01:07.631,15593,8f2080,Sprout ESP32,0.7.0,plants_logger_0_4,165000,UMLIFE_v2_TLC555,s3,origplant,soil_moisture,3179,,,OK,,,,,level=air-dry;role=diag;spread=59;gpio=36,,logs/Sprout ESP32_20260630_175827.csv,8f2080,soil_only_pre_env_reconnect,source log predates env rows
plants.soil,2026-06-30T18:01:07.713Z,2026-06-30 13:01:07.713,15594,8f2080,Sprout ESP32,0.7.0,plants_logger_0_4,165000,UMLIFE_v2_TLC555,s4,origplant,soil_moisture,3173,,,OK,,,,,level=air-dry;role=diag;spread=48;gpio=39,,logs/Sprout ESP32_20260630_175827.csv,8f2080,soil_only_pre_env_reconnect,source log predates env rows
plants.soil,2026-06-30T18:01:07.792Z,2026-06-30 13:01:07.792,15595,8f2080,Sprout ESP32,0.7.0,plants_logger_0_4,165000,UMLIFE_v2_TLC555,s1,origplant,soil_moisture,3220,,,OK,,,,,level=air-dry;role=diag;spread=40;gpio=34,,logs/Sprout ESP32_20260630_175827.csv,8f2080,soil_only_pre_env_reconnect,source log predates env rows
plants.soil,2026-06-30T18:01:07.869Z,2026-06-30 13:01:07.869,15596,8f2080,Sprout ESP32,0.7.0,plants_logger_0_4,165000,UMLIFE_v2_TLC555,s2,origplant,soil_moisture,3135,,,OK,,,,,level=air-dry;role=diag;spread=43;gpio=35,,logs/Sprout ESP32_20260630_175827.csv,8f2080,soil_only_pre_env_reconnect,source log predates env rows
plants.soil,2026-06-30T18:01:12.634Z,2026-06-30 13:01:12.634,15597,8f2080,Sprout ESP32,0.7.0,plants_logger_0_4,170004,UMLIFE_v2_TLC555,s3,origplant,soil_moisture,3175,,,OK,,,,,level=air-dry;role=diag;spread=57;gpio=36,,logs/Sprout ESP32_20260630_175827.csv,8f2080,soil_only_pre_env_reconnect,source log predates env rows
plants.soil,2026-06-30T18:01:12.722Z,2026-06-30 13:01:12.722,15598,8f2080,Sprout ESP32,0.7.0,plants_logger_0_4,170004,UMLIFE_v2_TLC555,s4,origplant,soil_moisture,3172,,,OK,,,,,level=air-dry;role=diag;spread=49;gpio=39,,logs/Sprout ESP32_20260630_175827.csv,8f2080,soil_only_pre_env_reconnect,source log predates env rows
plants.soil,2026-06-30T18:01:12.798Z,2026-06-30 13:01:12.798,15599,8f2080,Sprout ESP32,0.7.0,plants_logger_0_4,170004,UMLIFE_v2_TLC555,s1,origplant,soil_moisture,3222,,,OK,,,,,level=air-dry;role=diag;spread=35;gpio=34,,logs/Sprout ESP32_20260630_175827.csv,8f2080,soil_only_pre_env_reconnect,source log predates env rows
plants.soil,2026-06-30T18:01:12.873Z,2026-06-30 13:01:12.873,15600,8f2080,Sprout ESP32,0.7.0,plants_logger_0_4,170004,UMLIFE_v2_TLC555,s2,origplant,soil_moisture,3140,,,OK,,,,,level=air-dry;role=diag;spread=37;gpio=35,,logs/Sprout ESP32_20260630_175827.csv,8f2080,soil_only_pre_env_reconnect,source log predates env rows
plants.soil,2026-06-30T18:01:17.643Z,2026-06-30 13:01:17.643,15601,8f2080,Sprout ESP32,0.7.0,plants_logger_0_4,175000,UMLIFE_v2_TLC555,s3,origplant,soil_moisture,3179,,,OK,,,,,level=air-dry;role=diag;spread=57;gpio=36,,logs/Sprout ESP32_20260630_175827.csv,8f2080,soil_only_pre_env_reconnect,source log predates env rows
plants.soil,2026-06-30T18:01:17.703Z,2026-06-30 13:01:17.703,15602,8f2080,Sprout ESP32,0.7.0,plants_logger_0_4,175000,UMLIFE_v2_TLC555,s4,origplant,soil_moisture,3172,,,OK,,,,,level=air-dry;role=diag;spread=43;gpio=39,,logs/Sprout ESP32_20260630_175827.csv,8f2080,soil_only_pre_env_reconnect,source log predates env rows
plants.soil,2026-06-30T18:01:17.785Z,2026-06-30 13:01:17.785,15603,8f2080,Sprout ESP32,0.7.0,plants_logger_0_4,175000,UMLIFE_v2_TLC555,s1,origplant,soil_moisture,3222,,,OK,,,,,level=air-dry;role=diag;spread=33;gpio=34,,logs/Sprout ESP32_20260630_175827.csv,8f2080,soil_only_pre_env_reconnect,source log predates env rows
plants.soil,2026-06-30T18:01:17.869Z,2026-06-30 13:01:17.869,15604,8f2080,Sprout ESP32,0.7.0,plants_logger_0_4,175000,UMLIFE_v2_TLC555,s2,origplant,soil_moisture,3133,,,OK,,,,,level=air-dry;role=diag;spread=42;gpio=35,,logs/Sprout ESP32_20260630_175827.csv,8f2080,soil_only_pre_env_reconnect,source log predates env rows
plants.soil,2026-06-30T18:01:22.639Z,2026-06-30 13:01:22.639,15605,8f2080,Sprout ESP32,0.7.0,plants_logger_0_4,180004,UMLIFE_v2_TLC555,s3,origplant,soil_moisture,3181,,,OK,,,,,level=air-dry;role=diag;spread=58;gpio=36,,logs/Sprout ESP32_20260630_175827.csv,8f2080,soil_only_pre_env_reconnect,source log predates env rows
plants.soil,2026-06-30T18:01:22.723Z,2026-06-30 13:01:22.723,15606,8f2080,Sprout ESP32,0.7.0,plants_logger_0_4,180004,UMLIFE_v2_TLC555,s4,origplant,soil_moisture,3171,,,OK,,,,,level=air-dry;role=diag;spread=42;gpio=39,,logs/Sprout ESP32_20260630_175827.csv,8f2080,soil_only_pre_env_reconnect,source log predates env rows
plants.soil,2026-06-30T18:01:22.788Z,2026-06-30 13:01:22.788,15607,8f2080,Sprout ESP32,0.7.0,plants_logger_0_4,180004,UMLIFE_v2_TLC555,s1,origplant,soil_moisture,3223,,,OK,,,,,level=air-dry;role=diag;spread=39;gpio=34,,logs/Sprout ESP32_20260630_175827.csv,8f2080,soil_only_pre_env_reconnect,source log predates env rows
plants.soil,2026-06-30T18:01:22.867Z,2026-06-30 13:01:22.867,15608,8f2080,Sprout ESP32,0.7.0,plants_logger_0_4,180004,UMLIFE_v2_TLC555,s2,origplant,soil_moisture,3139,,,OK,,,,,level=air-dry;role=diag;spread=36;gpio=35,,logs/Sprout ESP32_20260630_175827.csv,8f2080,soil_only_pre_env_reconnect,source log predates env rows
plants.soil,2026-06-30T18:01:27.643Z,2026-06-30 13:01:27.643,15609,8f2080,Sprout ESP32,0.7.0,plants_logger_0_4,185000,UMLIFE_v2_TLC555,s3,origplant,soil_moisture,3181,,,OK,,,,,level=air-dry;role=diag;spread=64;gpio=36,,logs/Sprout ESP32_20260630_175827.csv,8f2080,soil_only_pre_env_reconnect,source log predates env rows
plants.soil,2026-06-30T18:01:27.719Z,2026-06-30 13:01:27.719,15610,8f2080,Sprout ESP32,0.7.0,plants_logger_0_4,185000,UMLIFE_v2_TLC555,s4,origplant,soil_moisture,3171,,,OK,,,,,level=air-dry;role=diag;spread=43;gpio=39,,logs/Sprout ESP32_20260630_175827.csv,8f2080,soil_only_pre_env_reconnect,source log predates env rows
plants.soil,2026-06-30T18:01:27.792Z,2026-06-30 13:01:27.792,15611,8f2080,Sprout ESP32,0.7.0,plants_logger_0_4,185000,UMLIFE_v2_TLC555,s1,origplant,soil_moisture,3221,,,OK,,,,,level=air-dry;role=diag;spread=33;gpio=34,,logs/Sprout ESP32_20260630_175827.csv,8f2080,soil_only_pre_env_reconnect,source log predates env rows
plants.soil,2026-06-30T18:01:27.857Z,2026-06-30 13:01:27.857,15612,8f2080,Sprout ESP32,0.7.0,plants_logger_0_4,185000,UMLIFE_v2_TLC555,s2,origplant,soil_moisture,3140,,,OK,,,,,level=air-dry;role=diag;spread=46;gpio=35,,logs/Sprout ESP32_20260630_175827.csv,8f2080,soil_only_pre_env_reconnect,source log predates env rows
plants.soil,2026-06-30T18:01:32.645Z,2026-06-30 13:01:32.645,15613,8f2080,Sprout ESP32,0.7.0,plants_logger_0_4,190004,UMLIFE_v2_TLC555,s3,origplant,soil_moisture,3180,,,OK,,,,,level=air-dry;role=diag;spread=67;gpio=36,,logs/Sprout ESP32_20260630_175827.csv,8f2080,soil_only_pre_env_reconnect,source log predates env rows
plants.soil,2026-06-30T18:01:32.712Z,2026-06-30 13:01:32.712,15614,8f2080,Sprout ESP32,0.7.0,plants_logger_0_4,190004,UMLIFE_v2_TLC555,s4,origplant,soil_moisture,3173,,,OK,,,,,level=air-dry;role=diag;spread=43;gpio=39,,logs/Sprout ESP32_20260630_175827.csv,8f2080,soil_only_pre_env_reconnect,source log predates env rows
plants.soil,2026-06-30T18:01:32.794Z,2026-06-30 13:01:32.794,15615,8f2080,Sprout ESP32,0.7.0,plants_logger_0_4,190004,UMLIFE_v2_TLC555,s1,origplant,soil_moisture,3224,,,OK,,,,,level=air-dry;role=diag;spread=37;gpio=34,,logs/Sprout ESP32_20260630_175827.csv,8f2080,soil_only_pre_env_reconnect,source log predates env rows
plants.soil,2026-06-30T18:01:32.874Z,2026-06-30 13:01:32.874,15616,8f2080,Sprout ESP32,0.7.0,plants_logger_0_4,190004,UMLIFE_v2_TLC555,s2,origplant,soil_moisture,3141,,,OK,,,,,level=air-dry;role=diag;spread=43;gpio=35,,logs/Sprout ESP32_20260630_175827.csv,8f2080,soil_only_pre_env_reconnect,source log predates env rows
plants.soil,2026-06-30T18:01:37.643Z,2026-06-30 13:01:37.643,15617,8f2080,Sprout ESP32,0.7.0,plants_logger_0_4,195000,UMLIFE_v2_TLC555,s3,origplant,soil_moisture,3181,,,OK,,,,,level=air-dry;role=diag;spread=61;gpio=36,,logs/Sprout ESP32_20260630_175827.csv,8f2080,soil_only_pre_env_reconnect,source log predates env rows
plants.soil,2026-06-30T18:01:37.718Z,2026-06-30 13:01:37.718,15618,8f2080,Sprout ESP32,0.7.0,plants_logger_0_4,195000,UMLIFE_v2_TLC555,s4,origplant,soil_moisture,3173,,,OK,,,,,level=air-dry;role=diag;spread=47;gpio=39,,logs/Sprout ESP32_20260630_175827.csv,8f2080,soil_only_pre_env_reconnect,source log predates env rows
plants.soil,2026-06-30T18:01:37.794Z,2026-06-30 13:01:37.794,15619,8f2080,Sprout ESP32,0.7.0,plants_logger_0_4,195000,UMLIFE_v2_TLC555,s1,origplant,soil_moisture,3228,,,OK,,,,,level=air-dry;role=diag;spread=35;gpio=34,,logs/Sprout ESP32_20260630_175827.csv,8f2080,soil_only_pre_env_reconnect,source log predates env rows
plants.soil,2026-06-30T18:01:37.870Z,2026-06-30 13:01:37.870,15620,8f2080,Sprout ESP32,0.7.0,plants_logger_0_4,195000,UMLIFE_v2_TLC555,s2,origplant,soil_moisture,3138,,,OK,,,,,level=air-dry;role=diag;spread=46;gpio=35,,logs/Sprout ESP32_20260630_175827.csv,8f2080,soil_only_pre_env_reconnect,source log predates env rows
plants.soil,2026-06-30T18:01:42.644Z,2026-06-30 13:01:42.644,15621,8f2080,Sprout ESP32,0.7.0,plants_logger_0_4,200004,UMLIFE_v2_TLC555,s3,origplant,soil_moisture,3187,,,OK,,,,,level=air-dry;role=diag;spread=65;gpio=36,,logs/Sprout ESP32_20260630_175827.csv,8f2080,soil_only_pre_env_reconnect,source log predates env rows
plants.soil,2026-06-30T18:01:42.723Z,2026-06-30 13:01:42.723,15622,8f2080,Sprout ESP32,0.7.0,plants_logger_0_4,200004,UMLIFE_v2_TLC555,s4,origplant,soil_moisture,3168,,,OK,,,,,level=air-dry;role=diag;spread=40;gpio=39,,logs/Sprout ESP32_20260630_175827.csv,8f2080,soil_only_pre_env_reconnect,source log predates env rows
plants.soil,2026-06-30T18:01:42.798Z,2026-06-30 13:01:42.798,15623,8f2080,Sprout ESP32,0.7.0,plants_logger_0_4,200004,UMLIFE_v2_TLC555,s1,origplant,soil_moisture,3225,,,OK,,,,,level=air-dry;role=diag;spread=34;gpio=34,,logs/Sprout ESP32_20260630_175827.csv,8f2080,soil_only_pre_env_reconnect,source log predates env rows
plants.soil,2026-06-30T18:01:42.874Z,2026-06-30 13:01:42.874,15624,8f2080,Sprout ESP32,0.7.0,plants_logger_0_4,200004,UMLIFE_v2_TLC555,s2,origplant,soil_moisture,3140,,,OK,,,,,level=air-dry;role=diag;spread=43;gpio=35,,logs/Sprout ESP32_20260630_175827.csv,8f2080,soil_only_pre_env_reconnect,source log predates env rows
plants.soil,2026-06-30T18:01:47.630Z,2026-06-30 13:01:47.630,15625,8f2080,Sprout ESP32,0.7.0,plants_logger_0_4,205000,UMLIFE_v2_TLC555,s3,origplant,soil_moisture,3181,,,OK,,,,,level=air-dry;role=diag;spread=61;gpio=36,,logs/Sprout ESP32_20260630_175827.csv,8f2080,soil_only_pre_env_reconnect,source log predates env rows
plants.soil,2026-06-30T18:01:47.719Z,2026-06-30 13:01:47.719,15626,8f2080,Sprout ESP32,0.7.0,plants_logger_0_4,205000,UMLIFE_v2_TLC555,s4,origplant,soil_moisture,3172,,,OK,,,,,level=air-dry;role=diag;spread=41;gpio=39,,logs/Sprout ESP32_20260630_175827.csv,8f2080,soil_only_pre_env_reconnect,source log predates env rows
plants.soil,2026-06-30T18:01:47.789Z,2026-06-30 13:01:47.789,15627,8f2080,Sprout ESP32,0.7.0,plants_logger_0_4,205000,UMLIFE_v2_TLC555,s1,origplant,soil_moisture,3227,,,OK,,,,,level=air-dry;role=diag;spread=43;gpio=34,,logs/Sprout ESP32_20260630_175827.csv,8f2080,soil_only_pre_env_reconnect,source log predates env rows
plants.soil,2026-06-30T18:01:47.870Z,2026-06-30 13:01:47.870,15628,8f2080,Sprout ESP32,0.7.0,plants_logger_0_4,205000,UMLIFE_v2_TLC555,s2,origplant,soil_moisture,3142,,,OK,,,,,level=air-dry;role=diag;spread=45;gpio=35,,logs/Sprout ESP32_20260630_175827.csv,8f2080,soil_only_pre_env_reconnect,source log predates env rows
plants.soil,2026-06-30T18:01:52.648Z,2026-06-30 13:01:52.648,15629,8f2080,Sprout ESP32,0.7.0,plants_logger_0_4,210004,UMLIFE_v2_TLC555,s3,origplant,soil_moisture,3183,,,OK,,,,,level=air-dry;role=diag;spread=64;gpio=36,,logs/Sprout ESP32_20260630_175827.csv,8f2080,soil_only_pre_env_reconnect,source log predates env rows
plants.soil,2026-06-30T18:01:52.724Z,2026-06-30 13:01:52.724,15630,8f2080,Sprout ESP32,0.7.0,plants_logger_0_4,210004,UMLIFE_v2_TLC555,s4,origplant,soil_moisture,3175,,,OK,,,,,level=air-dry;role=diag;spread=53;gpio=39,,logs/Sprout ESP32_20260630_175827.csv,8f2080,soil_only_pre_env_reconnect,source log predates env rows
plants.soil,2026-06-30T18:01:52.797Z,2026-06-30 13:01:52.797,15631,8f2080,Sprout ESP32,0.7.0,plants_logger_0_4,210004,UMLIFE_v2_TLC555,s1,origplant,soil_moisture,3228,,,OK,,,,,level=air-dry;role=diag;spread=38;gpio=34,,logs/Sprout ESP32_20260630_175827.csv,8f2080,soil_only_pre_env_reconnect,source log predates env rows
plants.soil,2026-06-30T18:01:52.875Z,2026-06-30 13:01:52.875,15632,8f2080,Sprout ESP32,0.7.0,plants_logger_0_4,210004,UMLIFE_v2_TLC555,s2,origplant,soil_moisture,3141,,,OK,,,,,level=air-dry;role=diag;spread=43;gpio=35,,logs/Sprout ESP32_20260630_175827.csv,8f2080,soil_only_pre_env_reconnect,source log predates env rows
plants.soil,2026-06-30T18:01:57.645Z,2026-06-30 13:01:57.645,15633,8f2080,Sprout ESP32,0.7.0,plants_logger_0_4,215000,UMLIFE_v2_TLC555,s3,origplant,soil_moisture,3186,,,OK,,,,,level=air-dry;role=diag;spread=63;gpio=36,,logs/Sprout ESP32_20260630_175827.csv,8f2080,soil_only_pre_env_reconnect,source log predates env rows
plants.soil,2026-06-30T18:01:57.720Z,2026-06-30 13:01:57.720,15634,8f2080,Sprout ESP32,0.7.0,plants_logger_0_4,215000,UMLIFE_v2_TLC555,s4,origplant,soil_moisture,3178,,,OK,,,,,level=air-dry;role=diag;spread=45;gpio=39,,logs/Sprout ESP32_20260630_175827.csv,8f2080,soil_only_pre_env_reconnect,source log predates env rows
plants.soil,2026-06-30T18:01:57.795Z,2026-06-30 13:01:57.795,15635,8f2080,Sprout ESP32,0.7.0,plants_logger_0_4,215000,UMLIFE_v2_TLC555,s1,origplant,soil_moisture,3229,,,OK,,,,,level=air-dry;role=diag;spread=38;gpio=34,,logs/Sprout ESP32_20260630_175827.csv,8f2080,soil_only_pre_env_reconnect,source log predates env rows
plants.soil,2026-06-30T18:01:57.871Z,2026-06-30 13:01:57.871,15636,8f2080,Sprout ESP32,0.7.0,plants_logger_0_4,215000,UMLIFE_v2_TLC555,s2,origplant,soil_moisture,3147,,,OK,,,,,level=air-dry;role=diag;spread=32;gpio=35,,logs/Sprout ESP32_20260630_175827.csv,8f2080,soil_only_pre_env_reconnect,source log predates env rows
plants.soil,2026-06-30T18:02:02.649Z,2026-06-30 13:02:02.649,15637,8f2080,Sprout ESP32,0.7.0,plants_logger_0_4,220004,UMLIFE_v2_TLC555,s3,origplant,soil_moisture,3182,,,OK,,,,,level=air-dry;role=diag;spread=64;gpio=36,,logs/Sprout ESP32_20260630_175827.csv,8f2080,soil_only_pre_env_reconnect,source log predates env rows
plants.soil,2026-06-30T18:02:02.712Z,2026-06-30 13:02:02.712,15638,8f2080,Sprout ESP32,0.7.0,plants_logger_0_4,220004,UMLIFE_v2_TLC555,s4,origplant,soil_moisture,3179,,,OK,,,,,level=air-dry;role=diag;spread=48;gpio=39,,logs/Sprout ESP32_20260630_175827.csv,8f2080,soil_only_pre_env_reconnect,source log predates env rows
plants.soil,2026-06-30T18:02:02.792Z,2026-06-30 13:02:02.792,15639,8f2080,Sprout ESP32,0.7.0,plants_logger_0_4,220004,UMLIFE_v2_TLC555,s1,origplant,soil_moisture,3226,,,OK,,,,,level=air-dry;role=diag;spread=32;gpio=34,,logs/Sprout ESP32_20260630_175827.csv,8f2080,soil_only_pre_env_reconnect,source log predates env rows
plants.soil,2026-06-30T18:02:02.873Z,2026-06-30 13:02:02.873,15640,8f2080,Sprout ESP32,0.7.0,plants_logger_0_4,220004,UMLIFE_v2_TLC555,s2,origplant,soil_moisture,3146,,,OK,,,,,level=air-dry;role=diag;spread=48;gpio=35,,logs/Sprout ESP32_20260630_175827.csv,8f2080,soil_only_pre_env_reconnect,source log predates env rows
plants.soil,2026-06-30T18:02:07.644Z,2026-06-30 13:02:07.644,15641,8f2080,Sprout ESP32,0.7.0,plants_logger_0_4,225000,UMLIFE_v2_TLC555,s3,origplant,soil_moisture,3192,,,OK,,,,,level=air-dry;role=diag;spread=47;gpio=36,,logs/Sprout ESP32_20260630_175827.csv,8f2080,soil_only_pre_env_reconnect,source log predates env rows
plants.soil,2026-06-30T18:02:07.720Z,2026-06-30 13:02:07.720,15642,8f2080,Sprout ESP32,0.7.0,plants_logger_0_4,225000,UMLIFE_v2_TLC555,s4,origplant,soil_moisture,3175,,,OK,,,,,level=air-dry;role=diag;spread=53;gpio=39,,logs/Sprout ESP32_20260630_175827.csv,8f2080,soil_only_pre_env_reconnect,source log predates env rows
plants.soil,2026-06-30T18:02:07.796Z,2026-06-30 13:02:07.796,15643,8f2080,Sprout ESP32,0.7.0,plants_logger_0_4,225000,UMLIFE_v2_TLC555,s1,origplant,soil_moisture,3233,,,OK,,,,,level=air-dry;role=diag;spread=32;gpio=34,,logs/Sprout ESP32_20260630_175827.csv,8f2080,soil_only_pre_env_reconnect,source log predates env rows
plants.soil,2026-06-30T18:02:07.871Z,2026-06-30 13:02:07.871,15644,8f2080,Sprout ESP32,0.7.0,plants_logger_0_4,225000,UMLIFE_v2_TLC555,s2,origplant,soil_moisture,3151,,,OK,,,,,level=air-dry;role=diag;spread=46;gpio=35,,logs/Sprout ESP32_20260630_175827.csv,8f2080,soil_only_pre_env_reconnect,source log predates env rows
plants.soil,2026-06-30T18:02:12.649Z,2026-06-30 13:02:12.649,15645,8f2080,Sprout ESP32,0.7.0,plants_logger_0_4,230004,UMLIFE_v2_TLC555,s3,origplant,soil_moisture,3189,,,OK,,,,,level=air-dry;role=diag;spread=63;gpio=36,,logs/Sprout ESP32_20260630_175827.csv,8f2080,soil_only_pre_env_reconnect,source log predates env rows
plants.soil,2026-06-30T18:02:12.716Z,2026-06-30 13:02:12.716,15646,8f2080,Sprout ESP32,0.7.0,plants_logger_0_4,230004,UMLIFE_v2_TLC555,s4,origplant,soil_moisture,3175,,,OK,,,,,level=air-dry;role=diag;spread=42;gpio=39,,logs/Sprout ESP32_20260630_175827.csv,8f2080,soil_only_pre_env_reconnect,source log predates env rows
plants.soil,2026-06-30T18:02:12.800Z,2026-06-30 13:02:12.800,15647,8f2080,Sprout ESP32,0.7.0,plants_logger_0_4,230004,UMLIFE_v2_TLC555,s1,origplant,soil_moisture,3229,,,OK,,,,,level=air-dry;role=diag;spread=34;gpio=34,,logs/Sprout ESP32_20260630_175827.csv,8f2080,soil_only_pre_env_reconnect,source log predates env rows
plants.soil,2026-06-30T18:02:12.867Z,2026-06-30 13:02:12.867,15648,8f2080,Sprout ESP32,0.7.0,plants_logger_0_4,230004,UMLIFE_v2_TLC555,s2,origplant,soil_moisture,3147,,,OK,,,,,level=air-dry;role=diag;spread=55;gpio=35,,logs/Sprout ESP32_20260630_175827.csv,8f2080,soil_only_pre_env_reconnect,source log predates env rows
plants.soil,2026-06-30T18:02:17.645Z,2026-06-30 13:02:17.645,15649,8f2080,Sprout ESP32,0.7.0,plants_logger_0_4,235000,UMLIFE_v2_TLC555,s3,origplant,soil_moisture,3181,,,OK,,,,,level=air-dry;role=diag;spread=53;gpio=36,,logs/Sprout ESP32_20260630_175827.csv,8f2080,soil_only_pre_env_reconnect,source log predates env rows
plants.soil,2026-06-30T18:02:17.720Z,2026-06-30 13:02:17.720,15650,8f2080,Sprout ESP32,0.7.0,plants_logger_0_4,235000,UMLIFE_v2_TLC555,s4,origplant,soil_moisture,3174,,,OK,,,,,level=air-dry;role=diag;spread=46;gpio=39,,logs/Sprout ESP32_20260630_175827.csv,8f2080,soil_only_pre_env_reconnect,source log predates env rows
plants.soil,2026-06-30T18:02:17.793Z,2026-06-30 13:02:17.793,15651,8f2080,Sprout ESP32,0.7.0,plants_logger_0_4,235000,UMLIFE_v2_TLC555,s1,origplant,soil_moisture,3232,,,OK,,,,,level=air-dry;role=diag;spread=36;gpio=34,,logs/Sprout ESP32_20260630_175827.csv,8f2080,soil_only_pre_env_reconnect,source log predates env rows
plants.soil,2026-06-30T18:02:17.871Z,2026-06-30 13:02:17.871,15652,8f2080,Sprout ESP32,0.7.0,plants_logger_0_4,235000,UMLIFE_v2_TLC555,s2,origplant,soil_moisture,3147,,,OK,,,,,level=air-dry;role=diag;spread=53;gpio=35,,logs/Sprout ESP32_20260630_175827.csv,8f2080,soil_only_pre_env_reconnect,source log predates env rows
plants.soil,2026-06-30T18:02:22.650Z,2026-06-30 13:02:22.650,15653,8f2080,Sprout ESP32,0.7.0,plants_logger_0_4,240004,UMLIFE_v2_TLC555,s3,origplant,soil_moisture,3184,,,OK,,,,,level=air-dry;role=diag;spread=49;gpio=36,,logs/Sprout ESP32_20260630_175827.csv,8f2080,soil_only_pre_env_reconnect,source log predates env rows
plants.soil,2026-06-30T18:02:22.725Z,2026-06-30 13:02:22.725,15654,8f2080,Sprout ESP32,0.7.0,plants_logger_0_4,240004,UMLIFE_v2_TLC555,s4,origplant,soil_moisture,3177,,,OK,,,,,level=air-dry;role=diag;spread=49;gpio=39,,logs/Sprout ESP32_20260630_175827.csv,8f2080,soil_only_pre_env_reconnect,source log predates env rows
plants.soil,2026-06-30T18:02:22.790Z,2026-06-30 13:02:22.790,15655,8f2080,Sprout ESP32,0.7.0,plants_logger_0_4,240004,UMLIFE_v2_TLC555,s1,origplant,soil_moisture,3229,,,OK,,,,,level=air-dry;role=diag;spread=34;gpio=34,,logs/Sprout ESP32_20260630_175827.csv,8f2080,soil_only_pre_env_reconnect,source log predates env rows
plants.soil,2026-06-30T18:02:22.876Z,2026-06-30 13:02:22.876,15656,8f2080,Sprout ESP32,0.7.0,plants_logger_0_4,240004,UMLIFE_v2_TLC555,s2,origplant,soil_moisture,3146,,,OK,,,,,level=air-dry;role=diag;spread=52;gpio=35,,logs/Sprout ESP32_20260630_175827.csv,8f2080,soil_only_pre_env_reconnect,source log predates env rows
plants.soil,2026-06-30T18:02:27.645Z,2026-06-30 13:02:27.645,15657,8f2080,Sprout ESP32,0.7.0,plants_logger_0_4,245000,UMLIFE_v2_TLC555,s3,origplant,soil_moisture,3188,,,OK,,,,,level=air-dry;role=diag;spread=63;gpio=36,,logs/Sprout ESP32_20260630_175827.csv,8f2080,soil_only_pre_env_reconnect,source log predates env rows
plants.soil,2026-06-30T18:02:27.721Z,2026-06-30 13:02:27.721,15658,8f2080,Sprout ESP32,0.7.0,plants_logger_0_4,245000,UMLIFE_v2_TLC555,s4,origplant,soil_moisture,3172,,,OK,,,,,level=air-dry;role=diag;spread=44;gpio=39,,logs/Sprout ESP32_20260630_175827.csv,8f2080,soil_only_pre_env_reconnect,source log predates env rows
plants.soil,2026-06-30T18:02:27.796Z,2026-06-30 13:02:27.796,15659,8f2080,Sprout ESP32,0.7.0,plants_logger_0_4,245000,UMLIFE_v2_TLC555,s1,origplant,soil_moisture,3233,,,OK,,,,,level=air-dry;role=diag;spread=34;gpio=34,,logs/Sprout ESP32_20260630_175827.csv,8f2080,soil_only_pre_env_reconnect,source log predates env rows
plants.soil,2026-06-30T18:02:27.866Z,2026-06-30 13:02:27.866,15660,8f2080,Sprout ESP32,0.7.0,plants_logger_0_4,245000,UMLIFE_v2_TLC555,s2,origplant,soil_moisture,3147,,,OK,,,,,level=air-dry;role=diag;spread=51;gpio=35,,logs/Sprout ESP32_20260630_175827.csv,8f2080,soil_only_pre_env_reconnect,source log predates env rows
plants.soil,2026-06-30T18:02:32.650Z,2026-06-30 13:02:32.650,15661,8f2080,Sprout ESP32,0.7.0,plants_logger_0_4,250004,UMLIFE_v2_TLC555,s3,origplant,soil_moisture,3189,,,OK,,,,,level=air-dry;role=diag;spread=56;gpio=36,,logs/Sprout ESP32_20260630_175827.csv,8f2080,soil_only_pre_env_reconnect,source log predates env rows
plants.soil,2026-06-30T18:02:32.718Z,2026-06-30 13:02:32.718,15662,8f2080,Sprout ESP32,0.7.0,plants_logger_0_4,250004,UMLIFE_v2_TLC555,s4,origplant,soil_moisture,3176,,,OK,,,,,level=air-dry;role=diag;spread=40;gpio=39,,logs/Sprout ESP32_20260630_175827.csv,8f2080,soil_only_pre_env_reconnect,source log predates env rows
plants.soil,2026-06-30T18:02:32.800Z,2026-06-30 13:02:32.800,15663,8f2080,Sprout ESP32,0.7.0,plants_logger_0_4,250004,UMLIFE_v2_TLC555,s1,origplant,soil_moisture,3232,,,OK,,,,,level=air-dry;role=diag;spread=32;gpio=34,,logs/Sprout ESP32_20260630_175827.csv,8f2080,soil_only_pre_env_reconnect,source log predates env rows
plants.soil,2026-06-30T18:02:32.876Z,2026-06-30 13:02:32.876,15664,8f2080,Sprout ESP32,0.7.0,plants_logger_0_4,250004,UMLIFE_v2_TLC555,s2,origplant,soil_moisture,3147,,,OK,,,,,level=air-dry;role=diag;spread=44;gpio=35,,logs/Sprout ESP32_20260630_175827.csv,8f2080,soil_only_pre_env_reconnect,source log predates env rows
plants.soil,2026-06-30T18:02:37.646Z,2026-06-30 13:02:37.646,15665,8f2080,Sprout ESP32,0.7.0,plants_logger_0_4,255000,UMLIFE_v2_TLC555,s3,origplant,soil_moisture,3181,,,OK,,,,,level=air-dry;role=diag;spread=66;gpio=36,,logs/Sprout ESP32_20260630_175827.csv,8f2080,soil_only_pre_env_reconnect,source log predates env rows
plants.soil,2026-06-30T18:02:37.721Z,2026-06-30 13:02:37.721,15666,8f2080,Sprout ESP32,0.7.0,plants_logger_0_4,255000,UMLIFE_v2_TLC555,s4,origplant,soil_moisture,3177,,,OK,,,,,level=air-dry;role=diag;spread=45;gpio=39,,logs/Sprout ESP32_20260630_175827.csv,8f2080,soil_only_pre_env_reconnect,source log predates env rows
plants.soil,2026-06-30T18:02:37.797Z,2026-06-30 13:02:37.797,15667,8f2080,Sprout ESP32,0.7.0,plants_logger_0_4,255000,UMLIFE_v2_TLC555,s1,origplant,soil_moisture,3235,,,OK,,,,,level=air-dry;role=diag;spread=32;gpio=34,,logs/Sprout ESP32_20260630_175827.csv,8f2080,soil_only_pre_env_reconnect,source log predates env rows
plants.soil,2026-06-30T18:02:37.872Z,2026-06-30 13:02:37.872,15668,8f2080,Sprout ESP32,0.7.0,plants_logger_0_4,255000,UMLIFE_v2_TLC555,s2,origplant,soil_moisture,3154,,,OK,,,,,level=air-dry;role=diag;spread=46;gpio=35,,logs/Sprout ESP32_20260630_175827.csv,8f2080,soil_only_pre_env_reconnect,source log predates env rows
plants.soil,2026-06-30T18:02:42.650Z,2026-06-30 13:02:42.650,15669,8f2080,Sprout ESP32,0.7.0,plants_logger_0_4,260004,UMLIFE_v2_TLC555,s3,origplant,soil_moisture,3188,,,OK,,,,,level=air-dry;role=diag;spread=55;gpio=36,,logs/Sprout ESP32_20260630_175827.csv,8f2080,soil_only_pre_env_reconnect,source log predates env rows
plants.soil,2026-06-30T18:02:42.726Z,2026-06-30 13:02:42.726,15670,8f2080,Sprout ESP32,0.7.0,plants_logger_0_4,260004,UMLIFE_v2_TLC555,s4,origplant,soil_moisture,3181,,,OK,,,,,level=air-dry;role=diag;spread=38;gpio=39,,logs/Sprout ESP32_20260630_175827.csv,8f2080,soil_only_pre_env_reconnect,source log predates env rows
plants.soil,2026-06-30T18:02:42.801Z,2026-06-30 13:02:42.801,15671,8f2080,Sprout ESP32,0.7.0,plants_logger_0_4,260004,UMLIFE_v2_TLC555,s1,origplant,soil_moisture,3236,,,OK,,,,,level=air-dry;role=diag;spread=32;gpio=34,,logs/Sprout ESP32_20260630_175827.csv,8f2080,soil_only_pre_env_reconnect,source log predates env rows
plants.soil,2026-06-30T18:02:42.866Z,2026-06-30 13:02:42.866,15672,8f2080,Sprout ESP32,0.7.0,plants_logger_0_4,260004,UMLIFE_v2_TLC555,s2,origplant,soil_moisture,3150,,,OK,,,,,level=air-dry;role=diag;spread=53;gpio=35,,logs/Sprout ESP32_20260630_175827.csv,8f2080,soil_only_pre_env_reconnect,source log predates env rows
plants.soil,2026-06-30T18:02:47.633Z,2026-06-30 13:02:47.633,15673,8f2080,Sprout ESP32,0.7.0,plants_logger_0_4,265000,UMLIFE_v2_TLC555,s3,origplant,soil_moisture,3185,,,OK,,,,,level=air-dry;role=diag;spread=61;gpio=36,,logs/Sprout ESP32_20260630_175827.csv,8f2080,soil_only_pre_env_reconnect,source log predates env rows
plants.soil,2026-06-30T18:02:47.712Z,2026-06-30 13:02:47.712,15674,8f2080,Sprout ESP32,0.7.0,plants_logger_0_4,265000,UMLIFE_v2_TLC555,s4,origplant,soil_moisture,3174,,,OK,,,,,level=air-dry;role=diag;spread=43;gpio=39,,logs/Sprout ESP32_20260630_175827.csv,8f2080,soil_only_pre_env_reconnect,source log predates env rows
plants.soil,2026-06-30T18:02:47.786Z,2026-06-30 13:02:47.786,15675,8f2080,Sprout ESP32,0.7.0,plants_logger_0_4,265000,UMLIFE_v2_TLC555,s1,origplant,soil_moisture,3235,,,OK,,,,,level=air-dry;role=diag;spread=37;gpio=34,,logs/Sprout ESP32_20260630_175827.csv,8f2080,soil_only_pre_env_reconnect,source log predates env rows
plants.soil,2026-06-30T18:02:47.873Z,2026-06-30 13:02:47.873,15676,8f2080,Sprout ESP32,0.7.0,plants_logger_0_4,265000,UMLIFE_v2_TLC555,s2,origplant,soil_moisture,3155,,,OK,,,,,level=air-dry;role=diag;spread=43;gpio=35,,logs/Sprout ESP32_20260630_175827.csv,8f2080,soil_only_pre_env_reconnect,source log predates env rows
plants.soil,2026-06-30T18:02:52.651Z,2026-06-30 13:02:52.651,15677,8f2080,Sprout ESP32,0.7.0,plants_logger_0_4,270004,UMLIFE_v2_TLC555,s3,origplant,soil_moisture,3189,,,OK,,,,,level=air-dry;role=diag;spread=58;gpio=36,,logs/Sprout ESP32_20260630_175827.csv,8f2080,soil_only_pre_env_reconnect,source log predates env rows
plants.soil,2026-06-30T18:02:52.721Z,2026-06-30 13:02:52.721,15678,8f2080,Sprout ESP32,0.7.0,plants_logger_0_4,270004,UMLIFE_v2_TLC555,s4,origplant,soil_moisture,3181,,,OK,,,,,level=air-dry;role=diag;spread=39;gpio=39,,logs/Sprout ESP32_20260630_175827.csv,8f2080,soil_only_pre_env_reconnect,source log predates env rows
plants.soil,2026-06-30T18:02:52.801Z,2026-06-30 13:02:52.801,15679,8f2080,Sprout ESP32,0.7.0,plants_logger_0_4,270004,UMLIFE_v2_TLC555,s1,origplant,soil_moisture,3238,,,OK,,,,,level=air-dry;role=diag;spread=40;gpio=34,,logs/Sprout ESP32_20260630_175827.csv,8f2080,soil_only_pre_env_reconnect,source log predates env rows
plants.soil,2026-06-30T18:02:52.864Z,2026-06-30 13:02:52.864,15680,8f2080,Sprout ESP32,0.7.0,plants_logger_0_4,270004,UMLIFE_v2_TLC555,s2,origplant,soil_moisture,3154,,,OK,,,,,level=air-dry;role=diag;spread=44;gpio=35,,logs/Sprout ESP32_20260630_175827.csv,8f2080,soil_only_pre_env_reconnect,source log predates env rows
plants.soil,2026-06-30T18:02:57.638Z,2026-06-30 13:02:57.638,15681,8f2080,Sprout ESP32,0.7.0,plants_logger_0_4,275000,UMLIFE_v2_TLC555,s3,origplant,soil_moisture,3188,,,OK,,,,,level=air-dry;role=diag;spread=55;gpio=36,,logs/Sprout ESP32_20260630_175827.csv,8f2080,soil_only_pre_env_reconnect,source log predates env rows
plants.soil,2026-06-30T18:02:57.717Z,2026-06-30 13:02:57.717,15682,8f2080,Sprout ESP32,0.7.0,plants_logger_0_4,275000,UMLIFE_v2_TLC555,s4,origplant,soil_moisture,3175,,,OK,,,,,level=air-dry;role=diag;spread=39;gpio=39,,logs/Sprout ESP32_20260630_175827.csv,8f2080,soil_only_pre_env_reconnect,source log predates env rows
plants.soil,2026-06-30T18:02:57.793Z,2026-06-30 13:02:57.793,15683,8f2080,Sprout ESP32,0.7.0,plants_logger_0_4,275000,UMLIFE_v2_TLC555,s1,origplant,soil_moisture,3236,,,OK,,,,,level=air-dry;role=diag;spread=35;gpio=34,,logs/Sprout ESP32_20260630_175827.csv,8f2080,soil_only_pre_env_reconnect,source log predates env rows
plants.soil,2026-06-30T18:02:57.873Z,2026-06-30 13:02:57.873,15684,8f2080,Sprout ESP32,0.7.0,plants_logger_0_4,275000,UMLIFE_v2_TLC555,s2,origplant,soil_moisture,3153,,,OK,,,,,level=air-dry;role=diag;spread=48;gpio=35,,logs/Sprout ESP32_20260630_175827.csv,8f2080,soil_only_pre_env_reconnect,source log predates env rows
plants.soil,2026-06-30T18:03:02.646Z,2026-06-30 13:03:02.646,15685,8f2080,Sprout ESP32,0.7.0,plants_logger_0_4,280004,UMLIFE_v2_TLC555,s3,origplant,soil_moisture,3186,,,OK,,,,,level=air-dry;role=diag;spread=65;gpio=36,,logs/Sprout ESP32_20260630_175827.csv,8f2080,soil_only_pre_env_reconnect,source log predates env rows
plants.soil,2026-06-30T18:03:02.727Z,2026-06-30 13:03:02.727,15686,8f2080,Sprout ESP32,0.7.0,plants_logger_0_4,280004,UMLIFE_v2_TLC555,s4,origplant,soil_moisture,3176,,,OK,,,,,level=air-dry;role=diag;spread=45;gpio=39,,logs/Sprout ESP32_20260630_175827.csv,8f2080,soil_only_pre_env_reconnect,source log predates env rows
plants.soil,2026-06-30T18:03:02.795Z,2026-06-30 13:03:02.795,15687,8f2080,Sprout ESP32,0.7.0,plants_logger_0_4,280004,UMLIFE_v2_TLC555,s1,origplant,soil_moisture,3237,,,OK,,,,,level=air-dry;role=diag;spread=33;gpio=34,,logs/Sprout ESP32_20260630_175827.csv,8f2080,soil_only_pre_env_reconnect,source log predates env rows
plants.soil,2026-06-30T18:03:02.864Z,2026-06-30 13:03:02.864,15688,8f2080,Sprout ESP32,0.7.0,plants_logger_0_4,280004,UMLIFE_v2_TLC555,s2,origplant,soil_moisture,3155,,,OK,,,,,level=air-dry;role=diag;spread=49;gpio=35,,logs/Sprout ESP32_20260630_175827.csv,8f2080,soil_only_pre_env_reconnect,source log predates env rows
plants.soil,2026-06-30T18:03:07.647Z,2026-06-30 13:03:07.647,15689,8f2080,Sprout ESP32,0.7.0,plants_logger_0_4,285000,UMLIFE_v2_TLC555,s3,origplant,soil_moisture,3193,,,OK,,,,,level=air-dry;role=diag;spread=68;gpio=36,,logs/Sprout ESP32_20260630_175827.csv,8f2080,soil_only_pre_env_reconnect,source log predates env rows
plants.soil,2026-06-30T18:03:07.723Z,2026-06-30 13:03:07.723,15690,8f2080,Sprout ESP32,0.7.0,plants_logger_0_4,285000,UMLIFE_v2_TLC555,s4,origplant,soil_moisture,3180,,,OK,,,,,level=air-dry;role=diag;spread=54;gpio=39,,logs/Sprout ESP32_20260630_175827.csv,8f2080,soil_only_pre_env_reconnect,source log predates env rows
plants.soil,2026-06-30T18:03:07.798Z,2026-06-30 13:03:07.798,15691,8f2080,Sprout ESP32,0.7.0,plants_logger_0_4,285000,UMLIFE_v2_TLC555,s1,origplant,soil_moisture,3240,,,OK,,,,,level=air-dry;role=diag;spread=29;gpio=34,,logs/Sprout ESP32_20260630_175827.csv,8f2080,soil_only_pre_env_reconnect,source log predates env rows
plants.soil,2026-06-30T18:03:07.869Z,2026-06-30 13:03:07.869,15692,8f2080,Sprout ESP32,0.7.0,plants_logger_0_4,285000,UMLIFE_v2_TLC555,s2,origplant,soil_moisture,3155,,,OK,,,,,level=air-dry;role=diag;spread=49;gpio=35,,logs/Sprout ESP32_20260630_175827.csv,8f2080,soil_only_pre_env_reconnect,source log predates env rows
plants.soil,2026-06-30T18:03:12.651Z,2026-06-30 13:03:12.651,15693,8f2080,Sprout ESP32,0.7.0,plants_logger_0_4,290004,UMLIFE_v2_TLC555,s3,origplant,soil_moisture,3191,,,OK,,,,,level=air-dry;role=diag;spread=65;gpio=36,,logs/Sprout ESP32_20260630_175827.csv,8f2080,soil_only_pre_env_reconnect,source log predates env rows
plants.soil,2026-06-30T18:03:12.719Z,2026-06-30 13:03:12.719,15694,8f2080,Sprout ESP32,0.7.0,plants_logger_0_4,290004,UMLIFE_v2_TLC555,s4,origplant,soil_moisture,3180,,,OK,,,,,level=air-dry;role=diag;spread=46;gpio=39,,logs/Sprout ESP32_20260630_175827.csv,8f2080,soil_only_pre_env_reconnect,source log predates env rows
plants.soil,2026-06-30T18:03:12.802Z,2026-06-30 13:03:12.802,15695,8f2080,Sprout ESP32,0.7.0,plants_logger_0_4,290004,UMLIFE_v2_TLC555,s1,origplant,soil_moisture,3240,,,OK,,,,,level=air-dry;role=diag;spread=42;gpio=34,,logs/Sprout ESP32_20260630_175827.csv,8f2080,soil_only_pre_env_reconnect,source log predates env rows
plants.soil,2026-06-30T18:03:12.867Z,2026-06-30 13:03:12.867,15696,8f2080,Sprout ESP32,0.7.0,plants_logger_0_4,290004,UMLIFE_v2_TLC555,s2,origplant,soil_moisture,3159,,,OK,,,,,level=air-dry;role=diag;spread=45;gpio=35,,logs/Sprout ESP32_20260630_175827.csv,8f2080,soil_only_pre_env_reconnect,source log predates env rows
plants.soil,2026-06-30T18:03:17.640Z,2026-06-30 13:03:17.640,15697,8f2080,Sprout ESP32,0.7.0,plants_logger_0_4,295000,UMLIFE_v2_TLC555,s3,origplant,soil_moisture,3187,,,OK,,,,,level=air-dry;role=diag;spread=61;gpio=36,,logs/Sprout ESP32_20260630_175827.csv,8f2080,soil_only_pre_env_reconnect,source log predates env rows
plants.soil,2026-06-30T18:03:17.718Z,2026-06-30 13:03:17.718,15698,8f2080,Sprout ESP32,0.7.0,plants_logger_0_4,295000,UMLIFE_v2_TLC555,s4,origplant,soil_moisture,3183,,,OK,,,,,level=air-dry;role=diag;spread=50;gpio=39,,logs/Sprout ESP32_20260630_175827.csv,8f2080,soil_only_pre_env_reconnect,source log predates env rows
plants.soil,2026-06-30T18:03:17.798Z,2026-06-30 13:03:17.798,15699,8f2080,Sprout ESP32,0.7.0,plants_logger_0_4,295000,UMLIFE_v2_TLC555,s1,origplant,soil_moisture,3241,,,OK,,,,,level=air-dry;role=diag;spread=42;gpio=34,,logs/Sprout ESP32_20260630_175827.csv,8f2080,soil_only_pre_env_reconnect,source log predates env rows
plants.soil,2026-06-30T18:03:17.861Z,2026-06-30 13:03:17.861,15700,8f2080,Sprout ESP32,0.7.0,plants_logger_0_4,295000,UMLIFE_v2_TLC555,s2,origplant,soil_moisture,3159,,,OK,,,,,level=air-dry;role=diag;spread=49;gpio=35,,logs/Sprout ESP32_20260630_175827.csv,8f2080,soil_only_pre_env_reconnect,source log predates env rows
plants.soil,2026-06-30T18:03:22.647Z,2026-06-30 13:03:22.647,15701,8f2080,Sprout ESP32,0.7.0,plants_logger_0_4,300004,UMLIFE_v2_TLC555,s3,origplant,soil_moisture,3192,,,OK,,,,,level=air-dry;role=diag;spread=64;gpio=36,,logs/Sprout ESP32_20260630_175827.csv,8f2080,soil_only_pre_env_reconnect,source log predates env rows
plants.soil,2026-06-30T18:03:22.727Z,2026-06-30 13:03:22.727,15702,8f2080,Sprout ESP32,0.7.0,plants_logger_0_4,300004,UMLIFE_v2_TLC555,s4,origplant,soil_moisture,3177,,,OK,,,,,level=air-dry;role=diag;spread=37;gpio=39,,logs/Sprout ESP32_20260630_175827.csv,8f2080,soil_only_pre_env_reconnect,source log predates env rows
plants.soil,2026-06-30T18:03:22.790Z,2026-06-30 13:03:22.790,15703,8f2080,Sprout ESP32,0.7.0,plants_logger_0_4,300004,UMLIFE_v2_TLC555,s1,origplant,soil_moisture,3238,,,OK,,,,,level=air-dry;role=diag;spread=34;gpio=34,,logs/Sprout ESP32_20260630_175827.csv,8f2080,soil_only_pre_env_reconnect,source log predates env rows
plants.soil,2026-06-30T18:03:22.873Z,2026-06-30 13:03:22.873,15704,8f2080,Sprout ESP32,0.7.0,plants_logger_0_4,300004,UMLIFE_v2_TLC555,s2,origplant,soil_moisture,3159,,,OK,,,,,level=air-dry;role=diag;spread=45;gpio=35,,logs/Sprout ESP32_20260630_175827.csv,8f2080,soil_only_pre_env_reconnect,source log predates env rows
plants.soil,2026-06-30T18:03:27.643Z,2026-06-30 13:03:27.643,15705,8f2080,Sprout ESP32,0.7.0,plants_logger_0_4,305000,UMLIFE_v2_TLC555,s3,origplant,soil_moisture,3191,,,OK,,,,,level=air-dry;role=diag;spread=69;gpio=36,,logs/Sprout ESP32_20260630_175827.csv,8f2080,soil_only_pre_env_reconnect,source log predates env rows
plants.soil,2026-06-30T18:03:27.722Z,2026-06-30 13:03:27.722,15706,8f2080,Sprout ESP32,0.7.0,plants_logger_0_4,305000,UMLIFE_v2_TLC555,s4,origplant,soil_moisture,3187,,,OK,,,,,level=air-dry;role=diag;spread=43;gpio=39,,logs/Sprout ESP32_20260630_175827.csv,8f2080,soil_only_pre_env_reconnect,source log predates env rows
plants.soil,2026-06-30T18:03:27.799Z,2026-06-30 13:03:27.799,15707,8f2080,Sprout ESP32,0.7.0,plants_logger_0_4,305000,UMLIFE_v2_TLC555,s1,origplant,soil_moisture,3242,,,OK,,,,,level=air-dry;role=diag;spread=31;gpio=34,,logs/Sprout ESP32_20260630_175827.csv,8f2080,soil_only_pre_env_reconnect,source log predates env rows
plants.soil,2026-06-30T18:03:27.874Z,2026-06-30 13:03:27.874,15708,8f2080,Sprout ESP32,0.7.0,plants_logger_0_4,305000,UMLIFE_v2_TLC555,s2,origplant,soil_moisture,3163,,,OK,,,,,level=air-dry;role=diag;spread=49;gpio=35,,logs/Sprout ESP32_20260630_175827.csv,8f2080,soil_only_pre_env_reconnect,source log predates env rows
plants.soil,2026-06-30T18:03:32.645Z,2026-06-30 13:03:32.645,15709,8f2080,Sprout ESP32,0.7.0,plants_logger_0_4,310004,UMLIFE_v2_TLC555,s3,origplant,soil_moisture,3192,,,OK,,,,,level=air-dry;role=diag;spread=54;gpio=36,,logs/Sprout ESP32_20260630_175827.csv,8f2080,soil_only_pre_env_reconnect,source log predates env rows
plants.soil,2026-06-30T18:03:32.724Z,2026-06-30 13:03:32.724,15710,8f2080,Sprout ESP32,0.7.0,plants_logger_0_4,310004,UMLIFE_v2_TLC555,s4,origplant,soil_moisture,3183,,,OK,,,,,level=air-dry;role=diag;spread=50;gpio=39,,logs/Sprout ESP32_20260630_175827.csv,8f2080,soil_only_pre_env_reconnect,source log predates env rows
plants.soil,2026-06-30T18:03:32.802Z,2026-06-30 13:03:32.802,15711,8f2080,Sprout ESP32,0.7.0,plants_logger_0_4,310004,UMLIFE_v2_TLC555,s1,origplant,soil_moisture,3242,,,OK,,,,,level=air-dry;role=diag;spread=37;gpio=34,,logs/Sprout ESP32_20260630_175827.csv,8f2080,soil_only_pre_env_reconnect,source log predates env rows
plants.soil,2026-06-30T18:03:32.865Z,2026-06-30 13:03:32.865,15712,8f2080,Sprout ESP32,0.7.0,plants_logger_0_4,310004,UMLIFE_v2_TLC555,s2,origplant,soil_moisture,3161,,,OK,,,,,level=air-dry;role=diag;spread=45;gpio=35,,logs/Sprout ESP32_20260630_175827.csv,8f2080,soil_only_pre_env_reconnect,source log predates env rows
plants.soil,2026-06-30T18:03:37.643Z,2026-06-30 13:03:37.643,15713,8f2080,Sprout ESP32,0.7.0,plants_logger_0_4,315000,UMLIFE_v2_TLC555,s3,origplant,soil_moisture,3193,,,OK,,,,,level=air-dry;role=diag;spread=51;gpio=36,,logs/Sprout ESP32_20260630_175827.csv,8f2080,soil_only_pre_env_reconnect,source log predates env rows
plants.soil,2026-06-30T18:03:37.721Z,2026-06-30 13:03:37.721,15714,8f2080,Sprout ESP32,0.7.0,plants_logger_0_4,315000,UMLIFE_v2_TLC555,s4,origplant,soil_moisture,3185,,,OK,,,,,level=air-dry;role=diag;spread=47;gpio=39,,logs/Sprout ESP32_20260630_175827.csv,8f2080,soil_only_pre_env_reconnect,source log predates env rows
plants.soil,2026-06-30T18:03:37.799Z,2026-06-30 13:03:37.799,15715,8f2080,Sprout ESP32,0.7.0,plants_logger_0_4,315000,UMLIFE_v2_TLC555,s1,origplant,soil_moisture,3244,,,OK,,,,,level=air-dry;role=diag;spread=41;gpio=34,,logs/Sprout ESP32_20260630_175827.csv,8f2080,soil_only_pre_env_reconnect,source log predates env rows
plants.soil,2026-06-30T18:03:37.868Z,2026-06-30 13:03:37.868,15716,8f2080,Sprout ESP32,0.7.0,plants_logger_0_4,315000,UMLIFE_v2_TLC555,s2,origplant,soil_moisture,3163,,,OK,,,,,level=air-dry;role=diag;spread=47;gpio=35,,logs/Sprout ESP32_20260630_175827.csv,8f2080,soil_only_pre_env_reconnect,source log predates env rows
